;periodicity;duration;pkt_size;msg_count;src_ports_count;dst_port;src_spec_chars;msg_spec_chars;msg_word_entropy;malicious
0;0.998;64833.0;2529.0;19.0;1.0;41124.0;0.5;0.9081;3.3992;1.0
1;1.0;104400.0;772.0;6.0;1.0;58356.0;0.5;0.9084;3.1766;1.0
2;0.9999;79200.0;2955.0;23.0;1.0;38992.0;0.5;0.908;3.4412;1.0
3;0.2772;3600.0;257.0;2.0;1.0;50444.0;0.5;0.908;2.9502;1.0
4;0.9999;75600.0;2831.0;22.0;1.0;57990.0;0.5;0.9084;3.4055;1.0
5;0.7522;39593.0;1413.0;11.0;1.0;49076.0;0.5;0.9079;3.2756;1.0
6;0.9999;14392.0;643.0;5.0;1.0;58458.0;0.5;0.9082;3.0276;1.0
7;0.2772;0.0;129.0;1.0;1.0;48398.0;0.5;0.9091;2.8074;1.0
8;0.9987;86420.0;3518.0;25.0;1.0;54798.0;0.5;0.9085;3.4479;1.0
9;0.2772;0.0;281.0;1.0;1.0;54798.0;0.4;0.3552;3.7928;1.0
10;0.2772;0.0;129.0;1.0;1.0;56804.0;0.5;0.9091;2.8074;1.0
11;0.2772;3600.0;282.0;2.0;1.0;35990.0;0.5;0.9091;2.9502;1.0
12;1.0;10799.0;516.0;4.0;1.0;40328.0;0.5;0.9091;3.0931;1.0
13;0.9999;50400.0;1927.0;15.0;1.0;54760.0;0.5;0.908;3.3464;1.0
14;0.2772;0.0;129.0;1.0;1.0;52554.0;0.5;0.9091;2.8074;1.0
15;0.6985;72000.0;2952.0;23.0;1.0;56626.0;0.5;0.9077;3.4039;1.0
16;0.107;151200.0;2442.0;19.0;1.0;51822.0;0.5;0.9081;3.3561;1.0
17;0.2772;0.0;128.0;1.0;1.0;39424.0;0.5;0.907;2.8074;1.0
18;0.9999;32400.0;1285.0;10.0;1.0;43514.0;0.5;0.908;3.2819;1.0
19;0.0427;1134000.0;3605.0;28.0;1.0;60622.0;0.5;0.9086;3.4737;1.0
20;0.0436;619200.0;3732.0;29.0;1.0;55770.0;0.5;0.9084;3.4681;1.0
21;0.2772;0.0;140.0;1.0;1.0;37472.0;0.5;0.907;2.8074;1.0
22;0.9999;64800.0;2669.0;19.0;1.0;39922.0;0.5;0.908;3.3711;1.0
23;0.2772;0.0;129.0;1.0;1.0;54600.0;0.5;0.9091;2.8074;1.0
24;0.2772;0.0;1088.0;2.0;1.0;59568.0;0.4;0.3571;4.0824;1.0
25;0.9999;122400.0;4497.0;35.0;1.0;59582.0;0.5;0.908;3.5238;1.0
26;0.2772;0.0;215.0;1.0;1.0;35944.0;0.5;0.907;2.8074;1.0
27;0.2772;0.0;129.0;1.0;1.0;40538.0;0.5;0.9091;2.8074;1.0
28;0.9999;43200.0;1675.0;13.0;1.0;43878.0;0.5;0.9088;3.292;1.0
29;0.2772;0.0;129.0;1.0;1.0;41978.0;0.5;0.9091;2.8074;1.0
30;0.2772;0.0;129.0;1.0;1.0;44580.0;0.5;0.9091;2.8074;1.0
31;0.2772;0.0;128.0;1.0;1.0;51528.0;0.5;0.907;2.8074;1.0
32;0.2772;0.0;128.0;1.0;1.0;52196.0;0.5;0.907;2.8074;1.0
33;0.2772;0.0;129.0;1.0;1.0;56586.0;0.5;0.9091;2.8074;1.0
34;1.0;3834.0;386.0;3.0;1.0;59632.0;0.5;0.9084;2.9385;1.0
35;0.0739;496800.0;2187.0;17.0;1.0;46402.0;0.5;0.9083;3.3745;1.0
36;0.2772;0.0;129.0;1.0;1.0;43132.0;0.5;0.9091;2.8074;1.0
37;0.9999;32400.0;1287.0;10.0;1.0;46262.0;0.5;0.9085;3.2819;1.0
38;0.2772;3599.0;281.0;2.0;1.0;48654.0;0.5;0.908;2.9502;1.0
39;0.2772;0.0;140.0;1.0;1.0;51638.0;0.5;0.907;2.8074;1.0
40;0.2772;0.0;140.0;1.0;1.0;54815.0;0.5;0.907;2.8074;1.0
41;0.9999;17999.0;844.0;6.0;1.0;54809.0;0.5;0.9084;3.1766;1.0
42;0.9999;90000.0;3660.0;26.0;1.0;41501.0;0.5;0.9086;3.4569;1.0
43;0.9999;32400.0;1286.0;10.0;1.0;38992.0;0.5;0.9082;3.2819;1.0
44;0.9999;43200.0;1672.0;13.0;1.0;51054.0;0.5;0.9083;3.314;1.0
45;0.5915;10801.0;641.0;5.0;1.0;39830.0;0.5;0.9074;3.0819;1.0
46;0.2772;3603.0;256.0;2.0;1.0;54440.0;0.5;0.907;2.9502;1.0
47;0.2772;0.0;258.0;2.0;1.0;33666.0;0.5;0.9091;2.8074;1.0
48;0.2772;0.0;256.0;2.0;1.0;38378.0;0.5;0.907;2.8074;1.0
49;1.0;7192.0;385.0;3.0;1.0;40964.0;0.5;0.9077;3.0338;1.0
50;1.0;7203.0;386.0;3.0;1.0;55580.0;0.5;0.9084;3.0338;1.0
51;0.2772;0.0;141.0;1.0;1.0;44728.0;0.5;0.9091;2.8074;1.0
52;0.2772;0.0;140.0;1.0;1.0;49558.0;0.5;0.907;2.8074;1.0
53;0.9994;14392.0;640.0;5.0;1.0;49076.0;0.5;0.907;3.1391;1.0
54;1.0;45.0;480.0;4.0;1.0;54468.0;0.5;0.3958;2.5216;1.0
55;0.0058;140532.0;123346.0;811.0;1.0;54468.0;0.5;0.6046;4.2893;1.0
56;0.0223;185416.0;26992.0;128.0;1.0;52490.0;0.5385;0.2116;8.7705;0.0
57;0.0223;185416.0;27294.0;128.0;1.0;35852.0;0.5385;0.2116;8.7705;0.0
58;0.0338;192102.0;8680.0;38.0;1.0;52490.0;0.1429;0.2425;7.7228;0.0
59;0.0338;192102.0;8680.0;38.0;1.0;35852.0;0.1429;0.2425;7.7228;0.0
60;0.1472;310057.0;27205.0;59.0;1.0;49621.0;0.1333;0.2061;8.0015;0.0
61;0.1415;310057.0;27416.0;61.0;1.0;46172.0;0.1333;0.2059;8.0118;0.0
62;0.1415;310057.0;28207.0;61.0;1.0;38060.0;0.1333;0.2059;8.0118;0.0
63;0.1415;310057.0;28148.0;61.0;1.0;41272.0;0.1333;0.2059;8.0118;0.0
64;0.1415;310057.0;28148.0;61.0;1.0;65124.0;0.1333;0.2059;8.0118;0.0
65;0.1415;310057.0;28269.0;61.0;1.0;49424.0;0.1333;0.2059;8.0118;0.0
66;0.0394;291400.0;9926.0;63.0;1.0;61589.0;0.3333;0.2123;7.8245;0.0
67;0.0376;291400.0;9687.0;62.0;1.0;41416.0;0.3333;0.2133;7.8142;0.0
68;0.1361;300785.0;4067.0;21.0;1.0;52490.0;0.2;0.3521;6.8581;0.0
69;0.1361;300785.0;4126.0;21.0;1.0;35852.0;0.2;0.3521;6.8581;0.0
70;0.0377;311710.0;29038.0;171.0;1.0;37789.0;0.1667;0.2062;8.5301;0.0
71;0.0589;29249.0;13485.0;84.0;1.0;37789.0;0.2273;0.2238;7.7017;0.0
72;0.058;194415.0;11677.0;80.0;1.0;61589.0;0.2857;0.1362;7.2358;0.0
73;0.4977;326200.0;402599.0;3592.0;1.0;33916.0;0.2727;0.3333;-0.0;0.0
74;0.0221;288532.0;25592.0;161.0;1.0;49424.0;0.1579;0.1778;8.308;0.0
75;0.0279;324371.0;197303.0;380.0;1.0;49621.0;0.1429;0.251;10.317;0.0
76;0.0281;324371.0;192823.0;381.0;1.0;46172.0;0.1429;0.2511;10.3195;0.0
77;0.0281;324371.0;197415.0;381.0;1.0;38060.0;0.1429;0.2511;10.3195;0.0
78;0.0281;324371.0;197513.0;381.0;1.0;41272.0;0.1429;0.2511;10.3195;0.0
79;0.0279;324371.0;198771.0;382.0;1.0;65124.0;0.1429;0.251;10.3207;0.0
80;0.0281;324371.0;198550.0;381.0;1.0;49424.0;0.1429;0.2511;10.3195;0.0
81;0.0197;267639.0;31412.0;190.0;1.0;37789.0;0.2;0.1413;7.9446;0.0
82;0.0258;288203.0;87593.0;189.0;1.0;49621.0;0.1429;0.2588;8.6796;0.0
83;0.0251;288203.0;85603.0;190.0;1.0;46172.0;0.1429;0.2592;8.6758;0.0
84;0.0251;288203.0;87797.0;190.0;1.0;38060.0;0.1429;0.2592;8.6758;0.0
85;0.0251;288203.0;87706.0;190.0;1.0;41272.0;0.1429;0.2592;8.6758;0.0
86;0.0251;288203.0;87706.0;190.0;1.0;65124.0;0.1429;0.2592;8.6758;0.0
87;0.0251;288203.0;88977.0;190.0;1.0;49424.0;0.1429;0.2592;8.6758;0.0
88;0.0371;325211.0;188555.0;419.0;1.0;49621.0;0.2;0.2452;9.7992;0.0
89;0.0385;325211.0;185484.0;423.0;1.0;46172.0;0.2;0.2452;9.8134;0.0
90;0.0381;325211.0;189145.0;421.0;1.0;38060.0;0.2;0.2451;9.8066;0.0
91;0.0381;325211.0;189263.0;421.0;1.0;41272.0;0.2;0.2451;9.8066;0.0
92;0.0379;325211.0;190302.0;421.0;1.0;65124.0;0.2;0.2451;9.8072;0.0
93;0.036;325211.0;192235.0;425.0;1.0;49424.0;0.2;0.2452;9.8101;0.0
94;0.0307;177620.0;13050.0;80.0;1.0;35852.0;0.3333;0.2575;7.9106;0.0
95;0.0307;177620.0;13050.0;80.0;1.0;52490.0;0.3333;0.2575;7.9106;0.0
96;0.0028;312450.0;92746.0;507.0;1.0;37789.0;0.2;0.2339;9.1369;0.0
97;0.0479;303175.0;126617.0;217.0;1.0;49621.0;0.1429;0.2402;9.8386;0.0
98;0.0479;303175.0;124049.0;217.0;1.0;46172.0;0.1429;0.2402;9.8386;0.0
99;0.0479;303175.0;126617.0;217.0;1.0;38060.0;0.1429;0.2402;9.8386;0.0
100;0.0479;303175.0;126535.0;217.0;1.0;41272.0;0.1429;0.2402;9.8386;0.0
101;0.0479;303175.0;127192.0;217.0;1.0;65124.0;0.1429;0.2402;9.8386;0.0
102;0.0484;303175.0;127982.0;218.0;1.0;49424.0;0.1429;0.2402;9.8349;0.0
103;0.0293;312526.0;277238.0;425.0;1.0;65124.0;0.125;0.2283;10.7074;0.0
104;0.0293;312526.0;277660.0;425.0;1.0;49424.0;0.125;0.2283;10.7074;0.0
105;0.0292;312526.0;274028.0;420.0;1.0;49621.0;0.125;0.2281;10.6996;0.0
106;0.0292;312526.0;269761.0;422.0;1.0;46172.0;0.125;0.2282;10.7012;0.0
107;0.0293;312526.0;277238.0;425.0;1.0;41272.0;0.125;0.2283;10.7074;0.0
108;0.0293;312526.0;277592.0;425.0;1.0;38060.0;0.125;0.2283;10.7074;0.0
109;0.0238;321409.0;85686.0;550.0;1.0;49424.0;0.1667;0.2113;9.3905;0.0
110;1.0;5590.0;696.0;4.0;1.0;51459.0;0.2;0.3164;4.9838;0.0
111;0.8529;253384.0;736.0;6.0;1.0;48692.0;0.2308;0.2625;3.1219;0.0
112;0.0429;306822.0;121883.0;240.0;1.0;49621.0;0.1667;0.2316;10.0753;0.0
113;0.0494;306822.0;119727.0;242.0;1.0;46172.0;0.1667;0.2315;10.0841;0.0
114;0.0434;306822.0;123324.0;243.0;1.0;38060.0;0.1667;0.2315;10.089;0.0
115;0.0494;306822.0;122749.0;242.0;1.0;41272.0;0.1667;0.2315;10.0841;0.0
116;0.0494;306822.0;122631.0;242.0;1.0;65124.0;0.1667;0.2315;10.0841;0.0
117;0.0434;306822.0;123274.0;243.0;1.0;49424.0;0.1667;0.2315;10.089;0.0
118;0.0694;318751.0;79225.0;181.0;1.0;49621.0;0.1667;0.2366;9.4673;0.0
119;0.0694;318751.0;77171.0;181.0;1.0;46172.0;0.1667;0.2366;9.4673;0.0
120;0.0694;318751.0;79225.0;181.0;1.0;38060.0;0.1667;0.2366;9.4673;0.0
121;0.0694;318751.0;79343.0;181.0;1.0;41272.0;0.1667;0.2366;9.4673;0.0
122;0.0694;318751.0;81069.0;181.0;1.0;65124.0;0.1667;0.2366;9.4673;0.0
123;0.0694;318751.0;81009.0;181.0;1.0;49424.0;0.1667;0.2366;9.4673;0.0
124;0.2772;0.0;133.0;1.0;1.0;5135.0;0.3684;0.1429;1.0;0.0
125;0.0653;308324.0;108812.0;191.0;1.0;49621.0;0.1333;0.2568;9.8182;0.0
126;0.0653;308324.0;106517.0;191.0;1.0;46172.0;0.1333;0.2568;9.8182;0.0
127;0.0653;308324.0;108930.0;191.0;1.0;38060.0;0.1333;0.2568;9.8182;0.0
128;0.0653;308324.0;108750.0;191.0;1.0;41272.0;0.1333;0.2568;9.8182;0.0
129;0.0664;308324.0;108168.0;189.0;1.0;65124.0;0.1333;0.2568;9.8056;0.0
130;0.0653;308324.0;109307.0;191.0;1.0;49424.0;0.1333;0.2568;9.8182;0.0
131;0.4122;258485.0;1288.0;11.0;1.0;48692.0;0.2;0.1117;4.6511;0.0
132;0.078;312028.0;52880.0;153.0;1.0;65124.0;0.3077;0.2889;9.587;0.0
133;0.078;312028.0;52900.0;153.0;1.0;49424.0;0.3077;0.2889;9.587;0.0
134;0.0793;312028.0;52579.0;152.0;1.0;49621.0;0.3077;0.289;9.5759;0.0
135;0.078;312028.0;50985.0;153.0;1.0;46172.0;0.3077;0.2889;9.587;0.0
136;0.078;312028.0;52821.0;153.0;1.0;41272.0;0.3077;0.2889;9.587;0.0
137;0.078;312028.0;52821.0;153.0;1.0;38060.0;0.3077;0.2889;9.587;0.0
138;0.0382;314883.0;241668.0;374.0;1.0;49621.0;0.1667;0.2416;10.2571;0.0
139;0.0386;314883.0;237800.0;375.0;1.0;46172.0;0.1667;0.2416;10.2615;0.0
140;0.0386;314883.0;242300.0;375.0;1.0;38060.0;0.1667;0.2416;10.2615;0.0
141;0.0386;314883.0;242300.0;375.0;1.0;41272.0;0.1667;0.2416;10.2615;0.0
142;0.0386;314883.0;245092.0;375.0;1.0;65124.0;0.1667;0.2416;10.2615;0.0
143;0.0387;314883.0;246039.0;376.0;1.0;49424.0;0.1667;0.2415;10.2589;0.0
144;0.293;322698.0;670.0;5.0;1.0;37789.0;0.1667;0.2439;3.875;0.0
145;0.0508;325534.0;243590.0;467.0;1.0;65124.0;0.2222;0.2884;9.9491;0.0
146;0.0509;325534.0;243795.0;468.0;1.0;49424.0;0.2222;0.2883;9.9484;0.0
147;0.0509;325534.0;239725.0;468.0;1.0;49621.0;0.2222;0.2883;9.9484;0.0
148;0.0509;325534.0;234420.0;468.0;1.0;46172.0;0.2222;0.2883;9.9484;0.0
149;0.0509;325534.0;239666.0;468.0;1.0;41272.0;0.2222;0.2883;9.9484;0.0
150;0.0509;325534.0;239666.0;468.0;1.0;38060.0;0.2222;0.2883;9.9484;0.0
151;0.0243;258352.0;41223.0;270.0;1.0;52490.0;0.2;0.1979;8.803;0.0
152;0.0179;258352.0;41542.0;271.0;1.0;35852.0;0.2;0.1982;8.8037;0.0
153;0.021;295519.0;61258.0;386.0;1.0;61589.0;0.2308;0.1871;9.342;0.0
154;0.0212;295519.0;60286.0;382.0;1.0;41416.0;0.2308;0.188;9.338;0.0
155;0.0349;6209.0;15451.0;98.0;1.0;54658.0;0.1667;0.2102;7.8005;0.0
156;0.029;310867.0;292811.0;426.0;1.0;49621.0;0.1667;0.2404;10.6762;0.0
157;0.0289;310867.0;288376.0;428.0;1.0;46172.0;0.1667;0.2404;10.6794;0.0
158;0.0289;310867.0;293888.0;428.0;1.0;38060.0;0.1667;0.2404;10.6794;0.0
159;0.0289;310867.0;293630.0;428.0;1.0;41272.0;0.1667;0.2404;10.6794;0.0
160;0.0289;310867.0;296817.0;428.0;1.0;65124.0;0.1667;0.2404;10.678;0.0
161;0.0292;310867.0;297418.0;429.0;1.0;49424.0;0.1667;0.2404;10.6773;0.0
162;0.0892;314866.0;31543.0;70.0;1.0;49621.0;0.2143;0.2444;8.6582;0.0
163;0.0892;314866.0;30644.0;70.0;1.0;46172.0;0.2143;0.2444;8.6582;0.0
164;0.1005;314866.0;31083.0;69.0;1.0;38060.0;0.2143;0.2447;8.6348;0.0
165;0.0892;314866.0;31484.0;70.0;1.0;41272.0;0.2143;0.2444;8.6582;0.0
166;0.0892;314866.0;31543.0;70.0;1.0;65124.0;0.2143;0.2444;8.6582;0.0
167;0.0227;299652.0;23737.0;127.0;1.0;49424.0;0.2143;0.2489;8.5038;0.0
168;0.0892;314866.0;31587.0;70.0;1.0;49424.0;0.2143;0.2444;8.6582;0.0
169;0.046;309053.0;158952.0;249.0;1.0;49621.0;0.1429;0.2498;10.2967;0.0
170;0.044;309053.0;156934.0;250.0;1.0;46172.0;0.1429;0.2499;10.3011;0.0
171;0.044;309053.0;159613.0;250.0;1.0;38060.0;0.1429;0.2499;10.3011;0.0
172;0.044;309053.0;159613.0;250.0;1.0;41272.0;0.1429;0.2499;10.3011;0.0
173;0.044;309053.0;161954.0;250.0;1.0;65124.0;0.1429;0.2499;10.3011;0.0
174;0.044;309053.0;161692.0;250.0;1.0;49424.0;0.1429;0.2499;10.3011;0.0
175;0.085;306643.0;5559.0;39.0;1.0;41416.0;0.2857;0.2275;7.0351;0.0
176;0.085;306643.0;5559.0;39.0;1.0;61589.0;0.2857;0.2275;7.0351;0.0
177;0.0329;296706.0;66034.0;381.0;1.0;41416.0;0.2308;0.2031;9.353;0.0
178;0.0294;296706.0;66322.0;382.0;1.0;61589.0;0.2308;0.2029;9.3546;0.0
179;0.1995;322892.0;25559.0;76.0;1.0;38944.0;0.1333;0.2411;8.6724;0.0
180;0.1995;322892.0;25434.0;76.0;1.0;49621.0;0.1333;0.2411;8.6724;0.0
181;0.1995;322892.0;25392.0;76.0;1.0;44718.0;0.1333;0.2411;8.6724;0.0
182;0.1995;322892.0;24463.0;76.0;1.0;46172.0;0.1333;0.2411;8.6724;0.0
183;0.1995;322892.0;45447.0;76.0;1.0;38060.0;0.1333;0.2411;8.6724;0.0
184;0.1995;322892.0;45447.0;76.0;1.0;38060.0;0.1333;0.2411;8.6724;0.0
185;0.1995;322892.0;45388.0;76.0;1.0;41272.0;0.1333;0.2411;8.6724;0.0
186;0.1995;322892.0;45388.0;76.0;1.0;41272.0;0.1333;0.2411;8.6724;0.0
187;0.1995;322892.0;25392.0;76.0;1.0;56245.0;0.1333;0.2411;8.6724;0.0
188;0.1995;322892.0;25392.0;76.0;1.0;33916.0;0.1333;0.2411;8.6724;0.0
189;0.1995;322892.0;25375.0;76.0;1.0;65124.0;0.1333;0.2411;8.6724;0.0
190;0.1995;322892.0;25392.0;76.0;1.0;48692.0;0.1333;0.2411;8.6724;0.0
191;0.1995;322892.0;25527.0;76.0;1.0;61589.0;0.1333;0.2411;8.6724;0.0
192;0.1995;322892.0;25392.0;76.0;1.0;45746.0;0.1333;0.2411;8.6724;0.0
193;0.1995;322892.0;25392.0;76.0;1.0;5135.0;0.1333;0.2411;8.6724;0.0
194;0.1995;322892.0;45388.0;76.0;1.0;49424.0;0.1333;0.2411;8.6724;0.0
195;0.1995;322892.0;45388.0;76.0;1.0;49424.0;0.1333;0.2411;8.6724;0.0
196;0.0515;311190.0;18252.0;108.0;1.0;33894.0;0.2308;0.1996;8.6344;0.0
197;0.1055;43427.0;8915.0;50.0;1.0;42852.0;0.2308;0.2008;8.0428;0.0
198;0.0482;281138.0;31812.0;153.0;1.0;52490.0;0.1667;0.2541;8.8503;0.0
199;0.0482;281138.0;31812.0;153.0;1.0;35852.0;0.1667;0.2541;8.8503;0.0
200;0.0473;301018.0;35634.0;169.0;1.0;65124.0;0.4;0.408;7.8222;0.0
201;0.0473;301018.0;35693.0;169.0;1.0;49621.0;0.4;0.408;7.8222;0.0
202;0.0474;301018.0;35427.0;168.0;1.0;47933.0;0.4;0.4075;7.8211;0.0
203;0.0234;253023.0;7940.0;52.0;1.0;37789.0;0.3846;0.1742;7.3675;0.0
204;0.2471;310509.0;8026.0;26.0;1.0;49621.0;0.125;0.291;6.6679;0.0
205;0.2471;310509.0;7714.0;26.0;1.0;46172.0;0.125;0.291;6.6679;0.0
206;0.2471;310509.0;8085.0;26.0;1.0;38060.0;0.125;0.291;6.6679;0.0
207;0.2471;310509.0;8026.0;26.0;1.0;41272.0;0.125;0.291;6.6679;0.0
208;0.2471;310509.0;8026.0;26.0;1.0;65124.0;0.125;0.291;6.6679;0.0
209;0.2471;310509.0;8057.0;26.0;1.0;49424.0;0.125;0.291;6.6679;0.0
210;0.2012;16896.0;2113.0;12.0;1.0;35852.0;0.4706;0.1543;5.8607;0.0
211;0.2012;16896.0;2113.0;12.0;1.0;52490.0;0.4706;0.1543;5.8607;0.0
212;0.2772;0.0;120.0;1.0;1.0;45225.0;0.1667;0.4286;1.0;0.0
213;0.0784;299094.0;48788.0;113.0;1.0;49621.0;0.4;0.2668;9.1603;0.0
214;0.0784;299094.0;47432.0;113.0;1.0;46172.0;0.4;0.2668;9.1603;0.0
215;0.0784;299094.0;48847.0;113.0;1.0;38060.0;0.4;0.2668;9.1603;0.0
216;0.0784;299094.0;48847.0;113.0;1.0;41272.0;0.4;0.2668;9.1603;0.0
217;0.0784;299094.0;48847.0;113.0;1.0;65124.0;0.4;0.2668;9.1603;0.0
218;0.0784;299094.0;48788.0;113.0;1.0;49424.0;0.4;0.2668;9.1603;0.0
219;0.124;167957.0;4465.0;31.0;1.0;61589.0;0.2;0.2136;5.8332;0.0
220;1.0;205.0;547.0;4.0;1.0;52490.0;0.2727;0.205;3.8366;0.0
221;1.0;205.0;547.0;4.0;1.0;35852.0;0.2727;0.205;3.8366;0.0
222;0.0339;267515.0;10606.0;78.0;1.0;37789.0;0.25;0.2025;7.4846;0.0
223;0.1171;2078.0;1926.0;13.0;1.0;52490.0;0.2143;0.2355;6.0676;0.0
224;0.1171;2078.0;1926.0;13.0;1.0;35852.0;0.2143;0.2355;6.0676;0.0
225;0.0695;295462.0;23280.0;114.0;1.0;41416.0;0.1333;0.1768;7.0999;0.0
226;0.067;295462.0;23352.0;114.0;1.0;61589.0;0.1333;0.1747;7.0574;0.0
227;0.0815;320400.0;120307.0;268.0;1.0;41317.0;0.1765;0.3661;7.7535;0.0
228;0.0549;193681.0;8647.0;57.0;1.0;43805.0;0.2;0.3029;6.9581;0.0
229;0.0565;193681.0;8495.0;56.0;1.0;38664.0;0.2;0.3045;6.9319;0.0
230;0.0565;193681.0;8495.0;56.0;1.0;56255.0;0.2;0.3045;6.9319;0.0
231;0.0138;22851.0;35770.0;201.0;1.0;52490.0;0.3077;0.2207;8.9164;0.0
232;0.0138;22851.0;36160.0;201.0;1.0;35852.0;0.3077;0.2207;8.9164;0.0
233;0.0317;261177.0;11106.0;81.0;1.0;38664.0;0.2;0.2489;7.4974;0.0
234;0.0216;38611.0;11831.0;94.0;1.0;38664.0;0.1429;0.298;6.9994;0.0
235;0.1061;172887.0;2121.0;12.0;1.0;52490.0;0.2308;0.2263;6.1695;0.0
236;0.1061;172887.0;2121.0;12.0;1.0;35852.0;0.2308;0.2263;6.1695;0.0
237;0.0322;269293.0;16199.0;103.0;1.0;37789.0;0.4545;0.286;7.9928;0.0
238;0.0126;267726.0;34242.0;269.0;1.0;38664.0;0.25;0.1867;8.405;0.0
239;0.0256;308444.0;66122.0;396.0;1.0;41416.0;0.2308;0.1893;9.6356;0.0
240;0.0277;308444.0;66299.0;396.0;1.0;61589.0;0.2308;0.1898;9.6378;0.0
241;0.1209;298890.0;14745.0;73.0;1.0;41416.0;0.2308;0.2345;7.6406;0.0
242;0.1209;298890.0;14864.0;73.0;1.0;61589.0;0.2308;0.2345;7.6406;0.0
243;0.0544;306339.0;20466.0;129.0;1.0;33894.0;0.2727;0.204;8.6564;0.0
244;0.0446;39306.0;7827.0;48.0;1.0;42852.0;0.2727;0.194;7.8328;0.0
245;0.1726;305457.0;4028.0;23.0;1.0;52490.0;0.2727;0.2112;6.7784;0.0
246;0.1726;305457.0;4028.0;23.0;1.0;35852.0;0.2727;0.2112;6.7784;0.0
247;0.0095;292303.0;77013.0;276.0;1.0;41416.0;0.2;0.2216;9.5035;0.0
248;0.0082;292303.0;67450.0;276.0;1.0;61589.0;0.2;0.2214;9.5067;0.0
249;0.049;303492.0;108513.0;226.0;1.0;49621.0;0.1538;0.2282;10.1137;0.0
250;0.049;303492.0;105451.0;226.0;1.0;46172.0;0.1538;0.2282;10.1137;0.0
251;0.049;303492.0;108513.0;226.0;1.0;38060.0;0.1538;0.2282;10.1137;0.0
252;0.049;303492.0;108089.0;226.0;1.0;41272.0;0.1538;0.2282;10.1137;0.0
253;0.049;303492.0;108794.0;226.0;1.0;65124.0;0.1538;0.2282;10.1137;0.0
254;0.049;303492.0;108970.0;226.0;1.0;49424.0;0.1538;0.2282;10.1137;0.0
255;0.012;208641.0;30650.0;158.0;1.0;35852.0;0.1579;0.1943;8.6797;0.0
256;0.0122;208641.0;30407.0;159.0;1.0;52490.0;0.1579;0.1945;8.6869;0.0
257;0.0206;317136.0;40825.0;247.0;1.0;49424.0;0.125;0.2091;8.8823;0.0
258;0.2979;100742.0;804.0;5.0;1.0;65124.0;0.2308;0.2145;4.2479;0.0
259;0.2979;100742.0;804.0;5.0;1.0;61589.0;0.2308;0.2145;4.2479;0.0
260;0.2979;100742.0;804.0;5.0;1.0;60953.0;0.2308;0.2145;4.2479;0.0
261;0.2979;100742.0;804.0;5.0;1.0;38944.0;0.2308;0.2145;4.2479;0.0
262;0.0899;302831.0;4287.0;34.0;1.0;45225.0;0.2222;0.1913;6.495;0.0
263;0.0899;302831.0;4355.0;34.0;1.0;52808.0;0.2222;0.1913;6.495;0.0
264;0.0899;302831.0;4287.0;34.0;1.0;59679.0;0.2222;0.1913;6.495;0.0
265;0.0843;302831.0;4569.0;36.0;1.0;36639.0;0.2222;0.195;6.4147;0.0
266;0.0514;305512.0;18600.0;90.0;1.0;49424.0;0.2727;0.2608;8.1407;0.0
267;0.3447;2950.0;1226.0;8.0;1.0;52490.0;0.25;0.1922;5.753;0.0
268;0.3447;2950.0;1226.0;8.0;1.0;35852.0;0.25;0.1922;5.753;0.0
269;0.148;302322.0;2544.0;18.0;1.0;36639.0;0.2;0.3659;6.0193;0.0
270;0.1484;302322.0;2444.0;17.0;1.0;52808.0;0.2;0.3706;5.956;0.0
271;0.1484;302322.0;2410.0;17.0;1.0;59679.0;0.2;0.3706;5.956;0.0
272;0.1484;302322.0;2410.0;17.0;1.0;45225.0;0.2;0.3706;5.956;0.0
273;0.4156;739.0;948.0;6.0;1.0;52490.0;0.2222;0.1112;5.0721;0.0
274;0.4156;739.0;948.0;6.0;1.0;35852.0;0.2222;0.1112;5.0721;0.0
275;0.02;278345.0;12525.0;74.0;1.0;41416.0;0.125;0.2052;7.9869;0.0
276;0.02;278345.0;12584.0;74.0;1.0;61589.0;0.125;0.2052;7.9869;0.0
277;0.0304;280306.0;13499.0;77.0;1.0;41416.0;0.1579;0.2662;7.2779;0.0
278;0.03;280306.0;13394.0;76.0;1.0;61589.0;0.1579;0.2673;7.275;0.0
279;0.0413;310594.0;28172.0;197.0;1.0;38944.0;0.2857;0.2787;8.7628;0.0
280;0.0413;310594.0;26168.0;197.0;1.0;46172.0;0.2857;0.2787;8.7628;0.0
281;0.0413;310594.0;28532.0;197.0;1.0;65124.0;0.2857;0.2787;8.7628;0.0
282;0.0413;310594.0;28126.0;197.0;1.0;61589.0;0.2857;0.2787;8.7628;0.0
283;0.0413;310594.0;27949.0;197.0;1.0;60953.0;0.2857;0.2787;8.7628;0.0
284;0.0201;310608.0;93606.0;516.0;1.0;38944.0;0.3333;0.1999;9.4573;0.0
285;0.019;310608.0;88759.0;516.0;1.0;46172.0;0.3333;0.1998;9.4624;0.0
286;0.0189;310608.0;94868.0;515.0;1.0;65124.0;0.3333;0.1992;9.4628;0.0
287;0.0189;310608.0;94106.0;515.0;1.0;61589.0;0.3333;0.1992;9.4628;0.0
288;0.0195;310608.0;93494.0;516.0;1.0;60953.0;0.3333;0.1992;9.4632;0.0
289;0.0406;318875.0;13382.0;101.0;1.0;38664.0;0.125;0.3113;7.5369;0.0
290;0.0731;315360.0;20608.0;117.0;1.0;32851.0;0.1429;0.3012;5.2814;0.0
291;0.0731;315360.0;20549.0;117.0;1.0;45746.0;0.1429;0.3012;5.2814;0.0
292;0.1745;1601.0;1910.0;10.0;1.0;52490.0;0.3913;0.2658;5.8808;0.0
293;0.1745;1601.0;1910.0;10.0;1.0;35852.0;0.3913;0.2658;5.8808;0.0
294;0.1075;308098.0;28832.0;74.0;1.0;65124.0;0.1538;0.2411;8.9906;0.0
295;0.11;308098.0;29150.0;75.0;1.0;49424.0;0.1538;0.2414;9.003;0.0
296;0.11;308098.0;28374.0;75.0;1.0;49621.0;0.1538;0.2414;9.003;0.0
297;0.11;308098.0;27592.0;75.0;1.0;46172.0;0.1538;0.2414;9.003;0.0
298;0.11;308098.0;28374.0;75.0;1.0;41272.0;0.1538;0.2414;9.003;0.0
299;0.11;308098.0;28374.0;75.0;1.0;38060.0;0.1538;0.2414;9.003;0.0
300;0.0154;236298.0;82933.0;567.0;1.0;41416.0;0.2727;0.1917;9.5703;0.0
301;0.0156;236298.0;83888.0;569.0;1.0;61589.0;0.2727;0.1916;9.5676;0.0
302;0.1603;176352.0;2638.0;15.0;1.0;41416.0;0.2;0.2337;5.2495;0.0
303;0.1603;176352.0;2638.0;15.0;1.0;61589.0;0.2;0.2337;5.2495;0.0
304;0.1479;251961.0;2031.0;13.0;1.0;52490.0;0.1538;0.2098;6.0616;0.0
305;0.1479;251961.0;2031.0;13.0;1.0;35852.0;0.1538;0.2098;6.0616;0.0
306;0.1899;270430.0;1485.0;8.0;1.0;38944.0;0.1667;0.215;5.9372;0.0
307;0.1899;270430.0;1485.0;8.0;1.0;55954.0;0.1667;0.215;5.9372;0.0
308;0.144;293549.0;7404.0;40.0;1.0;41416.0;0.1579;0.2512;7.3476;0.0
309;0.144;293549.0;7345.0;40.0;1.0;61589.0;0.1579;0.2512;7.3476;0.0
310;0.0156;294679.0;63849.0;323.0;1.0;61589.0;0.1667;0.2023;9.3145;0.0
311;0.11;266612.0;1578.0;12.0;1.0;36639.0;0.1667;0.3637;4.9842;0.0
312;0.11;266612.0;1578.0;12.0;1.0;52808.0;0.1667;0.3637;4.9842;0.0
313;0.11;266612.0;1578.0;12.0;1.0;59679.0;0.1667;0.3637;4.9842;0.0
314;0.11;266612.0;1578.0;12.0;1.0;45225.0;0.1667;0.3637;4.9842;0.0
315;0.1916;18695.0;1575.0;8.0;1.0;52490.0;0.125;0.2237;5.8484;0.0
316;0.1916;18695.0;1575.0;8.0;1.0;35852.0;0.125;0.2237;5.8484;0.0
317;0.0209;21752.0;8813.0;56.0;1.0;54658.0;0.2727;0.2133;7.217;0.0
318;0.0296;277504.0;15853.0;96.0;1.0;43805.0;0.25;0.2856;6.8955;0.0
319;0.0296;277504.0;15853.0;96.0;1.0;38664.0;0.25;0.2856;6.8955;0.0
320;0.0296;277504.0;15853.0;96.0;1.0;56255.0;0.25;0.2856;6.8955;0.0
321;0.0246;228808.0;25537.0;182.0;1.0;38944.0;0.2727;0.2247;8.517;0.0
322;0.0246;228808.0;25360.0;182.0;1.0;54711.0;0.2727;0.2247;8.517;0.0
323;0.0246;228808.0;25419.0;182.0;1.0;49621.0;0.2727;0.2247;8.517;0.0
324;0.0246;228808.0;25360.0;182.0;1.0;57653.0;0.2727;0.2247;8.517;0.0
325;0.0246;228808.0;25478.0;182.0;1.0;38060.0;0.2727;0.2247;8.517;0.0
326;0.0238;228808.0;25534.0;183.0;1.0;35852.0;0.2727;0.2235;8.5201;0.0
327;0.0238;228808.0;25475.0;183.0;1.0;48692.0;0.2727;0.2235;8.5201;0.0
328;0.0238;228808.0;25652.0;183.0;1.0;5135.0;0.2727;0.2235;8.5201;0.0
329;0.0238;228808.0;25565.0;183.0;1.0;49424.0;0.2727;0.2235;8.5201;0.0
330;0.0176;302530.0;153104.0;641.0;1.0;41416.0;0.15;0.2147;9.6274;0.0
331;0.0173;302530.0;142991.0;647.0;1.0;61589.0;0.15;0.2147;9.6371;0.0
332;0.1056;21510.0;2533.0;11.0;1.0;54658.0;0.1364;0.196;3.4366;0.0
333;0.0598;253930.0;6435.0;37.0;1.0;41416.0;0.1667;0.167;7.1022;0.0
334;0.0598;253930.0;6317.0;37.0;1.0;61589.0;0.1667;0.167;7.1022;0.0
335;0.2772;0.0;263.0;1.0;1.0;37789.0;0.15;0.2117;4.1329;0.0
336;1.0;295889.0;850.0;4.0;1.0;52490.0;0.5909;0.1411;5.3639;0.0
337;1.0;295889.0;850.0;4.0;1.0;35852.0;0.5909;0.1411;5.3639;0.0
338;0.0574;283912.0;14042.0;79.0;1.0;35852.0;0.15;0.2386;7.5373;0.0
339;0.0574;283912.0;14033.0;79.0;1.0;48692.0;0.15;0.2386;7.5373;0.0
340;0.0574;283912.0;13974.0;79.0;1.0;5135.0;0.15;0.2386;7.5373;0.0
341;0.0574;283912.0;15787.0;79.0;1.0;49424.0;0.15;0.2386;7.5373;0.0
342;0.0574;283912.0;13974.0;79.0;1.0;57653.0;0.15;0.2386;7.5373;0.0
343;0.0558;283912.0;14857.0;78.0;1.0;49621.0;0.15;0.2289;7.5303;0.0
344;0.0574;283912.0;14033.0;79.0;1.0;38944.0;0.15;0.2386;7.5373;0.0
345;0.0574;283912.0;13974.0;79.0;1.0;54711.0;0.15;0.2386;7.5373;0.0
346;0.0574;283912.0;14958.0;79.0;1.0;38060.0;0.15;0.2386;7.5373;0.0
347;0.3019;300020.0;3994.0;23.0;1.0;49424.0;0.2;0.293;6.4129;0.0
348;0.2772;0.0;139.0;1.0;1.0;38944.0;0.2353;0.35;2.3219;0.0
349;0.2772;0.0;139.0;1.0;1.0;55954.0;0.2353;0.35;2.3219;0.0
350;0.2772;0.0;139.0;1.0;1.0;41416.0;0.2353;0.35;2.3219;0.0
351;0.0581;204607.0;6933.0;38.0;1.0;52490.0;0.2;0.2256;7.4213;0.0
352;0.0377;204607.0;6807.0;37.0;1.0;35852.0;0.2;0.2317;7.4146;0.0
353;0.0788;301358.0;7350.0;38.0;1.0;41416.0;0.1579;0.2831;7.0387;0.0
354;0.0788;301358.0;7434.0;38.0;1.0;61589.0;0.1579;0.2831;7.0387;0.0
355;0.0278;298088.0;35474.0;230.0;1.0;41416.0;0.2727;0.1931;8.5721;0.0
356;0.0324;298088.0;35595.0;231.0;1.0;61589.0;0.2727;0.1933;8.5841;0.0
357;0.38;17443.0;861.0;6.0;1.0;42852.0;0.2308;0.1533;4.9232;0.0
358;0.0282;20580.0;7198.0;54.0;1.0;38664.0;0.1429;0.3511;5.8907;0.0
359;0.0271;20580.0;7343.0;55.0;1.0;56255.0;0.1429;0.3495;5.9463;0.0
360;0.0271;20580.0;7343.0;55.0;1.0;43805.0;0.1429;0.3495;5.9463;0.0
361;0.1254;260758.0;2964.0;18.0;1.0;38664.0;0.1538;0.2032;5.8757;0.0
362;0.0198;275739.0;41062.0;241.0;1.0;52490.0;0.5;0.1971;8.8907;0.0
363;0.0198;275739.0;41166.0;241.0;1.0;35852.0;0.5;0.1971;8.8907;0.0
364;0.2772;96.0;291.0;2.0;1.0;52490.0;0.1667;0.1042;2.3219;0.0
365;0.2772;96.0;291.0;2.0;1.0;35852.0;0.1667;0.1042;2.3219;0.0
366;0.0729;260211.0;3490.0;27.0;1.0;38664.0;0.1538;0.3644;6.217;0.0
367;0.2251;187596.0;1436.0;12.0;1.0;43805.0;0.6667;0.1473;4.8897;0.0
368;0.2251;187596.0;1436.0;12.0;1.0;56255.0;0.6667;0.1473;4.8897;0.0
369;0.2251;187596.0;1436.0;12.0;1.0;38664.0;0.6667;0.1473;4.8897;0.0
370;0.2456;304061.0;5148.0;28.0;1.0;46172.0;0.1333;0.2187;7.3754;0.0
371;0.2119;304061.0;5710.0;29.0;1.0;65124.0;0.1333;0.2197;7.4028;0.0
372;0.2119;304061.0;5710.0;29.0;1.0;61589.0;0.1333;0.2197;7.4028;0.0
373;0.0832;290889.0;2550.0;18.0;1.0;38664.0;0.4;0.481;6.0091;0.0
374;0.2772;104.0;262.0;2.0;1.0;38939.0;0.1111;0.0667;2.0;0.0
375;0.2772;104.0;262.0;2.0;1.0;58608.0;0.1111;0.0667;2.0;0.0
376;0.2772;104.0;262.0;2.0;1.0;55466.0;0.1111;0.0667;2.0;0.0
377;0.2772;104.0;262.0;2.0;1.0;58564.0;0.1111;0.0667;2.0;0.0
378;0.2772;104.0;262.0;2.0;1.0;53037.0;0.1111;0.0667;2.0;0.0
379;0.2772;104.0;262.0;2.0;1.0;33219.0;0.1111;0.0667;2.0;0.0
380;0.2772;104.0;262.0;2.0;1.0;52790.0;0.1111;0.0667;2.0;0.0
381;0.2772;104.0;262.0;2.0;1.0;39997.0;0.1111;0.0667;2.0;0.0
382;0.2772;104.0;262.0;2.0;1.0;39185.0;0.1111;0.0667;2.0;0.0
383;0.2772;104.0;262.0;2.0;1.0;52874.0;0.1111;0.0667;2.0;0.0
384;0.2772;104.0;262.0;2.0;1.0;39038.0;0.1111;0.0667;2.0;0.0
385;0.2772;104.0;262.0;2.0;1.0;35076.0;0.1111;0.0667;2.0;0.0
386;0.2772;104.0;262.0;2.0;1.0;48411.0;0.1111;0.0667;2.0;0.0
387;0.2772;104.0;262.0;2.0;1.0;59703.0;0.1111;0.0667;2.0;0.0
388;1.0;76499.0;506.0;4.0;1.0;52490.0;0.25;0.1615;3.4594;0.0
389;1.0;76499.0;506.0;4.0;1.0;35852.0;0.25;0.1615;3.4594;0.0
390;0.013;283109.0;48952.0;270.0;1.0;61589.0;0.2353;0.2197;8.9491;0.0
391;0.013;283109.0;48720.0;270.0;1.0;41416.0;0.2353;0.2197;8.9491;0.0
392;1.0;5187.0;703.0;4.0;1.0;51459.0;0.25;0.1856;3.9069;0.0
393;0.2772;31.0;380.0;2.0;1.0;65124.0;0.1667;0.3058;3.7736;0.0
394;0.3233;161579.0;656.0;5.0;1.0;33894.0;0.2;0.0721;3.8924;0.0
395;0.0817;6973.0;5081.0;29.0;1.0;54658.0;0.1667;0.2146;7.0362;0.0
396;0.1341;274126.0;1562.0;10.0;1.0;61589.0;0.1579;0.2448;5.4956;0.0
397;0.1341;274126.0;1562.0;10.0;1.0;41416.0;0.1579;0.2448;5.4956;0.0
398;0.2772;0.0;163.0;1.0;1.0;38939.0;0.4;0.2857;-0.0;0.0
399;0.2772;0.0;163.0;1.0;1.0;58608.0;0.4;0.2857;-0.0;0.0
400;0.2772;0.0;163.0;1.0;1.0;55466.0;0.4;0.2857;-0.0;0.0
401;0.2772;0.0;163.0;1.0;1.0;58564.0;0.4;0.2857;-0.0;0.0
402;0.2772;0.0;163.0;1.0;1.0;53037.0;0.4;0.2857;-0.0;0.0
403;0.2772;0.0;163.0;1.0;1.0;33219.0;0.4;0.2857;-0.0;0.0
404;0.2772;0.0;163.0;1.0;1.0;52790.0;0.4;0.2857;-0.0;0.0
405;0.2772;0.0;163.0;1.0;1.0;39997.0;0.4;0.2857;-0.0;0.0
406;0.2772;0.0;163.0;1.0;1.0;39185.0;0.4;0.2857;-0.0;0.0
407;0.2772;0.0;163.0;1.0;1.0;52874.0;0.4;0.2857;-0.0;0.0
408;0.2772;0.0;163.0;1.0;1.0;39038.0;0.4;0.2857;-0.0;0.0
409;0.2772;0.0;163.0;1.0;1.0;35076.0;0.4;0.2857;-0.0;0.0
410;0.2772;0.0;163.0;1.0;1.0;48411.0;0.4;0.2857;-0.0;0.0
411;0.2772;0.0;163.0;1.0;1.0;59703.0;0.4;0.2857;-0.0;0.0
412;0.0186;297829.0;47021.0;297.0;1.0;57653.0;0.5;0.2556;8.9542;0.0
413;0.0186;297829.0;47139.0;297.0;1.0;38060.0;0.5;0.2556;8.9542;0.0
414;0.0186;297829.0;47101.0;297.0;1.0;35852.0;0.5;0.2556;8.9542;0.0
415;0.0186;297829.0;47021.0;297.0;1.0;48692.0;0.5;0.2556;8.9542;0.0
416;0.0186;297829.0;47080.0;297.0;1.0;5135.0;0.5;0.2556;8.9542;0.0
417;0.0144;297829.0;47300.0;298.0;1.0;49424.0;0.5;0.2556;8.9503;0.0
418;0.0186;297829.0;47021.0;297.0;1.0;38944.0;0.5;0.2556;8.9542;0.0
419;0.0186;297829.0;47021.0;297.0;1.0;54711.0;0.5;0.2556;8.9542;0.0
420;0.2064;184051.0;1653.0;9.0;1.0;35852.0;0.2353;0.1911;5.82;0.0
421;0.2064;184051.0;1653.0;9.0;1.0;48692.0;0.2353;0.1911;5.82;0.0
422;0.2064;184051.0;1653.0;9.0;1.0;5135.0;0.2353;0.1911;5.82;0.0
423;0.2064;184051.0;1653.0;9.0;1.0;49424.0;0.2353;0.1911;5.82;0.0
424;0.2064;184051.0;1653.0;9.0;1.0;57653.0;0.2353;0.1911;5.82;0.0
425;0.2064;184051.0;1653.0;9.0;1.0;49621.0;0.2353;0.1911;5.82;0.0
426;0.2064;184051.0;1653.0;9.0;1.0;38944.0;0.2353;0.1911;5.82;0.0
427;0.2064;184051.0;1653.0;9.0;1.0;54711.0;0.2353;0.1911;5.82;0.0
428;0.2064;184051.0;1653.0;9.0;1.0;38060.0;0.2353;0.1911;5.82;0.0
429;0.0368;258963.0;9335.0;67.0;1.0;43805.0;0.125;0.2861;7.1314;0.0
430;0.0289;258963.0;9242.0;66.0;1.0;38664.0;0.125;0.2883;7.0955;0.0
431;0.0368;258963.0;9384.0;67.0;1.0;56255.0;0.125;0.2861;7.1314;0.0
432;0.1793;288484.0;1450.0;10.0;1.0;61589.0;0.3571;0.142;5.0875;0.0
433;0.0193;286927.0;14041.0;93.0;1.0;35852.0;0.125;0.2372;7.7304;0.0
434;0.0193;286927.0;13894.0;93.0;1.0;48692.0;0.125;0.2372;7.7304;0.0
435;0.0199;286927.0;14166.0;92.0;1.0;49424.0;0.125;0.2379;7.7196;0.0
436;0.0193;286927.0;13894.0;93.0;1.0;5135.0;0.125;0.2372;7.7304;0.0
437;0.0193;286927.0;13894.0;93.0;1.0;57653.0;0.125;0.2372;7.7304;0.0
438;0.0193;286927.0;14290.0;93.0;1.0;49621.0;0.125;0.2372;7.7304;0.0
439;0.0193;286927.0;13894.0;93.0;1.0;38944.0;0.125;0.2372;7.7304;0.0
440;0.0193;286927.0;13894.0;93.0;1.0;54711.0;0.125;0.2372;7.7304;0.0
441;0.0193;286927.0;14231.0;93.0;1.0;38060.0;0.125;0.2372;7.7304;0.0
442;0.0184;297530.0;70625.0;471.0;1.0;38944.0;0.2;0.2594;8.857;0.0
443;0.0178;297530.0;70692.0;472.0;1.0;54711.0;0.2;0.2594;8.8532;0.0
444;0.0178;297530.0;71847.0;471.0;1.0;49621.0;0.2;0.2596;8.8491;0.0
445;0.0178;297530.0;70533.0;471.0;1.0;57653.0;0.2;0.2596;8.8491;0.0
446;0.0178;297530.0;71892.0;471.0;1.0;38060.0;0.2;0.2596;8.8491;0.0
447;0.0178;297530.0;70751.0;471.0;1.0;35852.0;0.2;0.2596;8.8491;0.0
448;0.0178;297530.0;70767.0;472.0;1.0;48692.0;0.2;0.2594;8.8532;0.0
449;0.0178;297530.0;70944.0;472.0;1.0;5135.0;0.2;0.2594;8.8532;0.0
450;0.0153;297530.0;73859.0;473.0;1.0;49424.0;0.2;0.2588;8.8517;0.0
451;0.1543;260961.0;2637.0;16.0;1.0;38944.0;0.1429;0.1797;6.7609;0.0
452;0.2232;199225.0;2081.0;16.0;1.0;38944.0;0.1875;0.0965;5.0952;0.0
453;0.0255;274605.0;19975.0;107.0;1.0;38944.0;0.2308;0.2058;8.196;0.0
454;0.0584;278547.0;7242.0;39.0;1.0;37789.0;0.1667;0.2606;6.8205;0.0
455;0.0283;311185.0;37106.0;206.0;1.0;38944.0;0.1429;0.207;8.8016;0.0
456;0.0293;292539.0;20579.0;120.0;1.0;35852.0;0.1579;0.305;7.5681;0.0
457;0.0293;292539.0;20638.0;120.0;1.0;48692.0;0.1579;0.305;7.5681;0.0
458;0.0293;292539.0;20638.0;120.0;1.0;5135.0;0.1579;0.305;7.5681;0.0
459;0.0293;292539.0;20833.0;120.0;1.0;49424.0;0.1579;0.305;7.5681;0.0
460;0.0293;292539.0;20632.0;120.0;1.0;57653.0;0.1579;0.305;7.5681;0.0
461;0.0293;292539.0;20638.0;120.0;1.0;49621.0;0.1579;0.305;7.5681;0.0
462;0.0293;292539.0;20638.0;120.0;1.0;38944.0;0.1579;0.305;7.5681;0.0
463;0.0293;292539.0;20632.0;120.0;1.0;54711.0;0.1579;0.305;7.5681;0.0
464;0.0293;292539.0;20579.0;120.0;1.0;38060.0;0.1579;0.305;7.5681;0.0
465;1.0;162157.0;674.0;4.0;1.0;49424.0;0.3333;0.1174;3.7004;0.0
466;0.0159;304489.0;52309.0;335.0;1.0;49424.0;0.2;0.2268;8.5806;0.0
467;0.0703;282684.0;4992.0;28.0;1.0;61589.0;0.1765;0.1824;6.761;0.0
468;0.2772;0.0;159.0;1.0;1.0;41416.0;0.2222;0.25;2.585;0.0
469;0.2772;0.0;159.0;1.0;1.0;61589.0;0.2222;0.25;2.585;0.0
470;0.0424;258319.0;11419.0;60.0;1.0;51459.0;0.1053;0.2941;8.069;0.0
471;0.0753;297292.0;10940.0;63.0;1.0;38944.0;0.1667;0.2399;7.8335;0.0
472;0.0772;297292.0;10357.0;64.0;1.0;46172.0;0.1667;0.2399;7.8369;0.0
473;0.0772;297292.0;11438.0;64.0;1.0;65124.0;0.1667;0.2399;7.8369;0.0
474;0.0772;297292.0;11275.0;64.0;1.0;61589.0;0.1667;0.2399;7.8369;0.0
475;0.0772;297292.0;11125.0;64.0;1.0;60953.0;0.1667;0.2399;7.8369;0.0
476;0.3125;249473.0;1538.0;8.0;1.0;38944.0;0.2308;0.2172;5.6584;0.0
477;0.3125;249473.0;1442.0;8.0;1.0;46172.0;0.2308;0.2172;5.6584;0.0
478;0.3125;249473.0;1538.0;8.0;1.0;65124.0;0.2308;0.2172;5.6584;0.0
479;0.3125;249473.0;1538.0;8.0;1.0;61589.0;0.2308;0.2172;5.6584;0.0
480;0.3125;249473.0;1538.0;8.0;1.0;60953.0;0.2308;0.2172;5.6584;0.0
481;0.2772;0.0;126.0;1.0;1.0;52490.0;0.1429;0.3077;1.585;0.0
482;0.2772;0.0;126.0;1.0;1.0;35852.0;0.1429;0.3077;1.585;0.0
483;0.03;114828.0;8109.0;39.0;1.0;35852.0;0.1;0.1989;7.9259;0.0
484;0.03;114828.0;8109.0;39.0;1.0;52490.0;0.1;0.1989;7.9259;0.0
485;0.0465;169957.0;5168.0;34.0;1.0;35852.0;0.4286;0.2186;7.0201;0.0
486;0.0357;169957.0;4841.0;32.0;1.0;52490.0;0.4286;0.2183;6.9223;0.0
487;0.0391;252553.0;18646.0;119.0;1.0;37789.0;0.3333;0.1902;8.1562;0.0
488;0.2269;297374.0;4460.0;23.0;1.0;61589.0;0.1429;0.2812;6.0916;0.0
489;0.0094;305981.0;44831.0;311.0;1.0;37789.0;0.2857;0.2431;8.8572;0.0
490;0.0149;284453.0;25918.0;146.0;1.0;52490.0;0.3333;0.1991;8.5294;0.0
491;0.0149;284453.0;26166.0;146.0;1.0;35852.0;0.3333;0.1991;8.5294;0.0
492;0.2772;0.0;140.0;1.0;1.0;38664.0;0.1176;1.0;-0.0;0.0
493;0.1166;6020.0;1751.0;12.0;1.0;38944.0;0.1579;0.1817;5.5331;0.0
494;0.1166;6020.0;1751.0;12.0;1.0;54711.0;0.1579;0.1817;5.5331;0.0
495;0.1166;6020.0;1751.0;12.0;1.0;49621.0;0.1579;0.1817;5.5331;0.0
496;0.1166;6020.0;1751.0;12.0;1.0;57653.0;0.1579;0.1817;5.5331;0.0
497;0.1166;6020.0;1751.0;12.0;1.0;38060.0;0.1579;0.1817;5.5331;0.0
498;0.1166;6020.0;1830.0;12.0;1.0;35852.0;0.1579;0.1817;5.5331;0.0
499;0.1166;6020.0;1751.0;12.0;1.0;48692.0;0.1579;0.1817;5.5331;0.0
500;0.1166;6020.0;1751.0;12.0;1.0;5135.0;0.1579;0.1817;5.5331;0.0
501;0.1166;6020.0;1751.0;12.0;1.0;49424.0;0.1579;0.1817;5.5331;0.0
502;0.1124;88674.0;2101.0;16.0;1.0;43805.0;0.1538;0.1328;4.5466;0.0
503;0.1132;88674.0;1975.0;15.0;1.0;38664.0;0.1538;0.1334;4.4183;0.0
504;0.1132;88674.0;1975.0;15.0;1.0;56255.0;0.1538;0.1334;4.4183;0.0
505;0.2811;292697.0;5006.0;18.0;1.0;49621.0;0.1538;0.2934;6.1342;0.0
506;0.2811;292697.0;4790.0;18.0;1.0;46172.0;0.1538;0.2934;6.1342;0.0
507;0.2811;292697.0;5006.0;18.0;1.0;38060.0;0.1538;0.2934;6.1342;0.0
508;0.2811;292697.0;5006.0;18.0;1.0;41272.0;0.1538;0.2934;6.1342;0.0
509;0.2811;292697.0;5006.0;18.0;1.0;65124.0;0.1538;0.2934;6.1342;0.0
510;0.2811;292697.0;5006.0;18.0;1.0;49424.0;0.1538;0.2934;6.1342;0.0
511;0.2772;0.0;166.0;1.0;1.0;38939.0;0.2308;0.0667;1.0;0.0
512;0.9723;283952.0;1308.0;8.0;1.0;58608.0;0.2308;0.0833;2.0;0.0
513;1.0;109085.0;654.0;4.0;1.0;55466.0;0.2308;0.0833;2.0;0.0
514;0.9723;283952.0;1308.0;8.0;1.0;58564.0;0.2308;0.0833;2.0;0.0
515;0.9723;283952.0;1308.0;8.0;1.0;53037.0;0.2308;0.0833;2.0;0.0
516;1.0;87331.0;493.0;3.0;1.0;33219.0;0.2308;0.0778;1.9183;0.0
517;0.9723;283952.0;1308.0;8.0;1.0;52790.0;0.2308;0.0833;2.0;0.0
518;0.9723;283952.0;1308.0;8.0;1.0;39997.0;0.2308;0.0833;2.0;0.0
519;0.9723;283952.0;1308.0;8.0;1.0;39185.0;0.2308;0.0833;2.0;0.0
520;0.9723;283952.0;1308.0;8.0;1.0;52874.0;0.2308;0.0833;2.0;0.0
521;0.9723;283952.0;1308.0;8.0;1.0;39038.0;0.2308;0.0833;2.0;0.0
522;1.0;87331.0;493.0;3.0;1.0;35076.0;0.2308;0.0778;1.9183;0.0
523;0.9723;283952.0;1308.0;8.0;1.0;48411.0;0.2308;0.0833;2.0;0.0
524;0.2772;24533.0;327.0;2.0;1.0;59703.0;0.2308;0.0833;2.0;0.0
525;0.9613;155909.0;601.0;5.0;1.0;38664.0;0.1538;0.6471;2.5;0.0
526;0.1112;116819.0;2600.0;17.0;1.0;35852.0;0.1538;0.1488;5.7729;0.0
527;0.1112;116819.0;2540.0;17.0;1.0;52490.0;0.1538;0.1488;5.7729;0.0
528;0.0333;94101.0;4727.0;33.0;1.0;38944.0;0.2308;0.3045;6.6771;0.0
529;0.0333;94101.0;4668.0;33.0;1.0;54711.0;0.2308;0.3045;6.6771;0.0
530;0.0333;94101.0;4668.0;33.0;1.0;49621.0;0.2308;0.3045;6.6771;0.0
531;0.0333;94101.0;4668.0;33.0;1.0;57653.0;0.2308;0.3045;6.6771;0.0
532;0.0333;94101.0;5164.0;33.0;1.0;35852.0;0.2308;0.3045;6.6771;0.0
533;0.0333;94101.0;4668.0;33.0;1.0;38060.0;0.2308;0.3045;6.6771;0.0
534;0.0333;94101.0;4668.0;33.0;1.0;48692.0;0.2308;0.3045;6.6771;0.0
535;0.0333;94101.0;4668.0;33.0;1.0;5135.0;0.2308;0.3045;6.6771;0.0
536;0.0333;94101.0;4668.0;33.0;1.0;49424.0;0.2308;0.3045;6.6771;0.0
537;0.2772;0.0;122.0;1.0;1.0;43805.0;0.1053;0.5;-0.0;0.0
538;0.2772;0.0;122.0;1.0;1.0;38664.0;0.1053;0.5;-0.0;0.0
539;0.2772;0.0;122.0;1.0;1.0;56255.0;0.1053;0.5;-0.0;0.0
540;0.0295;161216.0;7046.0;37.0;1.0;52490.0;0.4211;0.1761;7.2868;0.0
541;0.0295;161216.0;7046.0;37.0;1.0;35852.0;0.4211;0.1761;7.2868;0.0
542;0.6577;7114.0;789.0;5.0;1.0;52490.0;0.3333;0.1541;5.0875;0.0
543;0.6577;7114.0;789.0;5.0;1.0;35852.0;0.3333;0.1541;5.0875;0.0
544;0.0293;301383.0;19645.0;117.0;1.0;37789.0;0.5;0.2171;7.9582;0.0
545;0.2772;0.0;112.0;1.0;1.0;38664.0;0.2308;1.0;-0.0;0.0
546;0.2772;0.0;127.0;1.0;1.0;37789.0;0.1765;0.0;-0.0;0.0
547;0.0311;249645.0;7855.0;54.0;1.0;38944.0;0.2;0.204;7.5058;0.0
548;0.0311;249645.0;7266.0;54.0;1.0;46172.0;0.2;0.204;7.5058;0.0
549;0.0311;249645.0;7855.0;54.0;1.0;65124.0;0.2;0.204;7.5058;0.0
550;0.0311;249645.0;7923.0;54.0;1.0;61589.0;0.2;0.204;7.5058;0.0
551;0.0311;249645.0;7855.0;54.0;1.0;60953.0;0.2;0.204;7.5058;0.0
552;0.0833;286556.0;4814.0;27.0;1.0;52490.0;0.3125;0.2069;7.1563;0.0
553;0.0833;286556.0;4873.0;27.0;1.0;35852.0;0.3125;0.2069;7.1563;0.0
554;0.0275;282118.0;16322.0;124.0;1.0;38664.0;0.2857;0.2051;7.8496;0.0
555;0.0099;258533.0;16901.0;134.0;1.0;38664.0;0.25;0.2042;7.1897;0.0
556;0.0687;199982.0;4177.0;27.0;1.0;38664.0;0.25;0.2218;5.8177;0.0
557;0.0715;11628.0;27563.0;161.0;1.0;37789.0;0.1667;0.1748;8.1073;0.0
558;0.0203;16300.0;11158.0;81.0;1.0;38664.0;0.2;0.2167;6.4578;0.0
559;0.0353;274649.0;12913.0;84.0;1.0;65124.0;0.1667;0.2522;8.1715;0.0
560;0.0353;274649.0;12972.0;84.0;1.0;61589.0;0.1667;0.2522;8.1715;0.0
561;0.0353;274649.0;12913.0;84.0;1.0;60953.0;0.1667;0.2522;8.1715;0.0
562;0.0353;274649.0;13090.0;84.0;1.0;38944.0;0.1667;0.2522;8.1715;0.0
563;0.0353;274649.0;11905.0;84.0;1.0;46172.0;0.1667;0.2522;8.1715;0.0
564;0.0253;279763.0;22056.0;140.0;1.0;37789.0;0.1667;0.1932;8.2085;0.0
565;1.0;3.0;635.0;4.0;1.0;54658.0;0.15;0.3023;2.0;0.0
566;0.0746;266050.0;7561.0;43.0;1.0;61589.0;0.3333;0.1733;6.9879;0.0
567;0.2148;148744.0;1364.0;10.0;1.0;61589.0;0.25;0.1358;4.777;0.0
568;0.2772;153376.0;320.0;2.0;1.0;38664.0;0.1429;0.0179;1.0;0.0
569;1.0;234.0;530.0;3.0;1.0;52490.0;0.1818;0.1653;2.8074;0.0
570;1.0;234.0;530.0;3.0;1.0;35852.0;0.1818;0.1653;2.8074;0.0
571;0.2772;0.0;133.0;1.0;1.0;52972.0;0.3684;0.1667;-0.0;0.0
572;0.1763;289834.0;4936.0;31.0;1.0;61589.0;0.2;0.4142;5.7607;0.0
573;0.0478;18326.0;7779.0;51.0;1.0;41416.0;0.4;0.2495;6.6744;0.0
574;0.0478;18326.0;7779.0;51.0;1.0;61589.0;0.4;0.2495;6.6744;0.0
575;0.014;288986.0;29499.0;147.0;1.0;37789.0;0.1538;0.2031;8.6576;0.0
576;0.0904;191594.0;1699.0;13.0;1.0;38944.0;0.1667;0.1693;5.4269;0.0
577;1.0;18.0;523.0;4.0;1.0;38664.0;0.0952;0.2533;2.8074;0.0
578;0.099;253776.0;4238.0;24.0;1.0;41416.0;0.2;0.1842;6.9019;0.0
579;0.099;253776.0;4238.0;24.0;1.0;61589.0;0.2;0.1842;6.9019;0.0
580;0.0666;293273.0;11528.0;65.0;1.0;37789.0;0.3636;0.2225;7.9269;0.0
581;0.0189;281591.0;22420.0;157.0;1.0;37789.0;0.3333;0.2621;7.9728;0.0
582;0.3575;605.0;3786.0;27.0;1.0;38664.0;0.1364;0.1518;5.6194;0.0
583;0.2772;0.0;165.0;1.0;1.0;37789.0;0.5294;0.0;-0.0;0.0
584;0.2105;247122.0;2207.0;17.0;1.0;38664.0;0.1538;0.2253;5.2719;0.0
585;1.0;58.0;525.0;3.0;1.0;52490.0;0.3333;0.278;4.3035;0.0
586;1.0;58.0;525.0;3.0;1.0;35852.0;0.3333;0.278;4.3035;0.0
587;0.0743;250327.0;2454.0;15.0;1.0;38944.0;0.2353;0.2271;5.4198;0.0
588;0.0872;250327.0;2302.0;14.0;1.0;55954.0;0.2353;0.2433;5.3878;0.0
589;0.0872;250327.0;2302.0;14.0;1.0;41416.0;0.2353;0.2433;5.3878;0.0
590;0.1838;216611.0;1051.0;7.0;1.0;38664.0;0.1579;0.2412;3.875;0.0
591;0.189;187582.0;1030.0;8.0;1.0;59679.0;0.6667;0.4265;3.8366;0.0
592;0.189;187582.0;1030.0;8.0;1.0;36639.0;0.6667;0.4265;3.8366;0.0
593;0.189;187582.0;1030.0;8.0;1.0;45225.0;0.6667;0.4265;3.8366;0.0
594;1.0;2.0;781.0;3.0;1.0;59679.0;0.1667;0.4144;3.6431;0.0
595;1.0;2.0;781.0;3.0;1.0;45225.0;0.1667;0.4144;3.6431;0.0
596;1.0;2.0;781.0;3.0;1.0;36639.0;0.1667;0.4144;3.6431;0.0
597;0.2158;2979.0;5906.0;39.0;1.0;37789.0;0.2941;0.1939;6.7158;0.0
598;0.1835;88394.0;1250.0;8.0;1.0;45225.0;0.1429;0.3605;4.085;0.0
599;0.1835;88394.0;1250.0;8.0;1.0;59679.0;0.1429;0.3605;4.085;0.0
600;0.1835;88394.0;1250.0;8.0;1.0;36639.0;0.1429;0.3605;4.085;0.0
601;0.1823;296151.0;3477.0;20.0;1.0;38944.0;0.2;0.1743;7.0383;0.0
602;1.0;225.0;499.0;3.0;1.0;37789.0;0.4667;0.1245;3.585;0.0
603;0.0495;263953.0;12107.0;72.0;1.0;37789.0;0.1765;0.2293;7.2791;0.0
604;1.0;127.0;478.0;3.0;1.0;37789.0;0.7647;0.1435;3.8522;0.0
605;0.2772;0.0;127.0;1.0;1.0;41416.0;0.2857;0.0;-0.0;0.0
606;0.4714;1164.0;2295.0;16.0;1.0;37789.0;0.15;0.2038;5.404;0.0
607;0.2772;0.0;158.0;1.0;1.0;65124.0;0.5;0.3023;-0.0;0.0
608;0.2772;0.0;158.0;1.0;1.0;47933.0;0.5;0.3023;-0.0;0.0
609;0.065;257687.0;3017.0;19.0;1.0;38944.0;0.2308;0.1907;6.1839;0.0
610;0.065;257687.0;3017.0;19.0;1.0;55954.0;0.2308;0.1907;6.1839;0.0
611;0.065;257687.0;3017.0;19.0;1.0;41416.0;0.2308;0.1907;6.1839;0.0
612;1.0;7517.0;360.0;3.0;1.0;53724.0;0.1667;0.4286;1.0;0.0
613;0.0517;221835.0;18380.0;106.0;1.0;37789.0;0.3846;0.2097;7.3103;0.0
614;0.1786;1059.0;1476.0;10.0;1.0;56245.0;0.2727;0.1993;5.5047;0.0
615;0.1786;1059.0;1476.0;10.0;1.0;61589.0;0.2727;0.1993;5.5047;0.0
616;0.2772;0.0;193.0;1.0;1.0;42829.0;0.1111;0.4286;1.0;0.0
617;0.2772;0.0;167.0;1.0;1.0;56245.0;0.1538;0.1818;2.585;0.0
618;0.2772;0.0;167.0;1.0;1.0;61589.0;0.1538;0.1818;2.585;0.0
619;0.0298;283192.0;29081.0;194.0;1.0;37789.0;0.1765;0.2409;8.0333;0.0
620;0.2772;0.0;160.0;1.0;1.0;37789.0;0.1429;0.3256;3.0;0.0
621;0.1132;113958.0;2237.0;11.0;1.0;56245.0;0.3;0.2541;6.7795;0.0
622;0.1132;113958.0;2237.0;11.0;1.0;61589.0;0.3;0.2541;6.7795;0.0
623;0.043;259282.0;7489.0;40.0;1.0;38664.0;0.2;0.1984;7.6977;0.0
624;0.3913;992.0;1990.0;11.0;1.0;37789.0;0.6471;0.1839;5.9933;0.0
625;0.2247;276077.0;3319.0;18.0;1.0;35852.0;0.125;0.3036;6.9948;0.0
626;0.2247;276077.0;3319.0;18.0;1.0;48692.0;0.125;0.3036;6.9948;0.0
627;0.2247;276077.0;3319.0;18.0;1.0;5135.0;0.125;0.3036;6.9948;0.0
628;0.2247;276077.0;3319.0;18.0;1.0;49424.0;0.125;0.3036;6.9948;0.0
629;0.2247;276077.0;3319.0;18.0;1.0;57653.0;0.125;0.3036;6.9948;0.0
630;0.2247;276077.0;3319.0;18.0;1.0;49621.0;0.125;0.3036;6.9948;0.0
631;0.2247;276077.0;3319.0;18.0;1.0;38944.0;0.125;0.3036;6.9948;0.0
632;0.2247;276077.0;3319.0;18.0;1.0;54711.0;0.125;0.3036;6.9948;0.0
633;0.0719;260187.0;4288.0;34.0;1.0;38664.0;0.1667;0.2502;6.4066;0.0
634;0.1858;268926.0;985.0;8.0;1.0;45225.0;0.1667;0.3298;4.4183;0.0
635;0.1858;268926.0;985.0;8.0;1.0;59679.0;0.1667;0.3298;4.4183;0.0
636;0.1858;268926.0;985.0;8.0;1.0;36639.0;0.1667;0.3298;4.4183;0.0
637;0.1417;100878.0;1310.0;10.0;1.0;37789.0;0.2143;0.1245;4.335;0.0
638;1.0;18847.0;434.0;3.0;1.0;38944.0;0.3333;0.1481;2.3219;0.0
639;1.0;18847.0;434.0;3.0;1.0;41416.0;0.3333;0.1481;2.3219;0.0
640;1.0;18847.0;434.0;3.0;1.0;55954.0;0.3333;0.1481;2.3219;0.0
641;0.9204;1386.0;958.0;6.0;1.0;37789.0;0.2727;0.1741;4.75;0.0
642;0.0462;267379.0;13266.0;81.0;1.0;61589.0;0.7143;0.2466;7.894;0.0
643;0.7855;12637.0;600.0;5.0;1.0;34001.0;0.1667;0.4286;1.0;0.0
644;0.0514;83094.0;3545.0;22.0;1.0;37789.0;0.2308;0.1423;5.9218;0.0
645;0.0774;15465.0;19867.0;113.0;1.0;51958.0;0.2727;0.1872;8.6666;0.0
646;0.2772;4.0;290.0;2.0;1.0;37789.0;0.2;0.1;1.0;0.0
647;0.0822;235440.0;3281.0;24.0;1.0;38664.0;0.1111;0.2314;5.8596;0.0
648;0.1837;152390.0;1133.0;7.0;1.0;38944.0;0.1176;0.2278;5.2776;0.0
649;0.1837;152390.0;1049.0;7.0;1.0;46172.0;0.1176;0.2278;5.2776;0.0
650;0.1837;152390.0;1133.0;7.0;1.0;65124.0;0.1176;0.2278;5.2776;0.0
651;0.1837;152390.0;1234.0;7.0;1.0;61589.0;0.1176;0.2278;5.2776;0.0
652;0.1837;152390.0;1133.0;7.0;1.0;60953.0;0.1176;0.2278;5.2776;0.0
653;0.0408;247398.0;5852.0;40.0;1.0;38664.0;0.1;0.2009;6.4079;0.0
654;0.2772;19.0;363.0;2.0;1.0;35852.0;0.2;0.2435;4.2219;0.0
655;0.2772;19.0;363.0;2.0;1.0;48692.0;0.2;0.2435;4.2219;0.0
656;0.2772;19.0;363.0;2.0;1.0;5135.0;0.2;0.2435;4.2219;0.0
657;0.2772;19.0;363.0;2.0;1.0;49424.0;0.2;0.2435;4.2219;0.0
658;0.2772;19.0;363.0;2.0;1.0;57653.0;0.2;0.2435;4.2219;0.0
659;0.2772;19.0;363.0;2.0;1.0;49621.0;0.2;0.2435;4.2219;0.0
660;0.2772;19.0;363.0;2.0;1.0;38944.0;0.2;0.2435;4.2219;0.0
661;0.2772;19.0;363.0;2.0;1.0;38060.0;0.2;0.2435;4.2219;0.0
662;0.2772;19.0;363.0;2.0;1.0;54711.0;0.2;0.2435;4.2219;0.0
663;0.4342;1192.0;1765.0;11.0;1.0;37789.0;0.25;0.1761;5.4039;0.0
664;0.2772;0.0;162.0;1.0;1.0;35076.0;0.4286;0.2857;-0.0;0.0
665;0.2772;0.0;162.0;1.0;1.0;48411.0;0.4286;0.2857;-0.0;0.0
666;0.2772;0.0;162.0;1.0;1.0;59703.0;0.4286;0.2857;-0.0;0.0
667;0.2772;0.0;162.0;1.0;1.0;55466.0;0.4286;0.2857;-0.0;0.0
668;0.2772;0.0;162.0;1.0;1.0;39038.0;0.4286;0.2857;-0.0;0.0
669;0.2772;0.0;162.0;1.0;1.0;39185.0;0.4286;0.2857;-0.0;0.0
670;0.2772;0.0;162.0;1.0;1.0;52790.0;0.4286;0.2857;-0.0;0.0
671;0.2772;0.0;162.0;1.0;1.0;33219.0;0.4286;0.2857;-0.0;0.0
672;0.2772;0.0;162.0;1.0;1.0;53037.0;0.4286;0.2857;-0.0;0.0
673;0.2772;0.0;162.0;1.0;1.0;39997.0;0.4286;0.2857;-0.0;0.0
674;0.2772;0.0;162.0;1.0;1.0;52874.0;0.4286;0.2857;-0.0;0.0
675;0.2772;0.0;162.0;1.0;1.0;58564.0;0.4286;0.2857;-0.0;0.0
676;0.2772;0.0;162.0;1.0;1.0;58608.0;0.4286;0.2857;-0.0;0.0
677;0.2772;0.0;162.0;1.0;1.0;57044.0;0.4286;0.2857;-0.0;0.0
678;0.2772;0.0;115.0;1.0;1.0;51958.0;0.1667;0.1667;1.585;0.0
679;0.2772;0.0;199.0;1.0;1.0;52808.0;0.4286;0.2857;-0.0;0.0
680;0.2772;0.0;165.0;1.0;1.0;59679.0;0.4286;0.2857;-0.0;0.0
681;0.2772;0.0;165.0;1.0;1.0;44024.0;0.4286;0.2857;-0.0;0.0
682;0.2772;0.0;146.0;1.0;1.0;61589.0;0.381;0.0;-0.0;0.0
683;0.0264;266516.0;19743.0;141.0;1.0;49621.0;0.1667;0.2092;8.2016;0.0
684;0.0264;266516.0;19743.0;141.0;1.0;57653.0;0.1667;0.2092;8.2016;0.0
685;0.0264;266516.0;19743.0;141.0;1.0;5135.0;0.1667;0.2092;8.2016;0.0
686;0.0264;266516.0;19743.0;141.0;1.0;38944.0;0.1667;0.2092;8.2016;0.0
687;0.0264;266516.0;19743.0;141.0;1.0;54711.0;0.1667;0.2092;8.2016;0.0
688;0.0264;266516.0;19743.0;141.0;1.0;48692.0;0.1667;0.2092;8.2016;0.0
689;0.0264;266516.0;19743.0;141.0;1.0;38060.0;0.1667;0.2092;8.2016;0.0
690;0.0228;266516.0;19528.0;140.0;1.0;35852.0;0.1667;0.2094;8.1634;0.0
691;1.0;266383.0;374.0;3.0;1.0;52808.0;0.1111;0.0606;0.971;0.0
692;1.0;266383.0;374.0;3.0;1.0;59679.0;0.1111;0.0606;0.971;0.0
693;1.0;266383.0;374.0;3.0;1.0;36639.0;0.1111;0.0606;0.971;0.0
694;0.1245;267537.0;2108.0;17.0;1.0;38664.0;0.1111;0.1094;3.9677;0.0
695;0.0533;266521.0;2720.0;21.0;1.0;37789.0;0.1111;0.1661;5.4404;0.0
696;1.0;266383.0;368.0;3.0;1.0;45225.0;0.1111;0.0606;0.971;0.0
697;1.0;266383.0;368.0;3.0;1.0;52808.0;0.1111;0.0606;0.971;0.0
698;1.0;266383.0;368.0;3.0;1.0;59679.0;0.1111;0.0606;0.971;0.0
699;1.0;266383.0;368.0;3.0;1.0;36639.0;0.1111;0.0606;0.971;0.0
700;1.0;266383.0;503.0;4.0;1.0;43805.0;0.1111;0.0455;1.4591;0.0
701;1.0;266383.0;503.0;4.0;1.0;38664.0;0.1111;0.0455;1.4591;0.0
702;1.0;266383.0;503.0;4.0;1.0;56255.0;0.1111;0.0455;1.4591;0.0
703;0.2934;266383.0;618.0;5.0;1.0;57044.0;0.1111;0.0717;2.4194;0.0
704;0.0353;208646.0;6083.0;38.0;1.0;49424.0;0.1429;0.2147;6.9342;0.0
705;0.0229;255781.0;7726.0;48.0;1.0;37789.0;0.2727;0.2196;7.2812;0.0
706;0.1023;220105.0;4573.0;36.0;1.0;38664.0;0.6667;0.1581;6.6222;0.0
707;0.0406;262989.0;36692.0;234.0;1.0;37789.0;0.4286;0.2078;8.6483;0.0
708;0.018;156756.0;15543.0;71.0;1.0;52490.0;0.2;0.1842;8.4807;0.0
709;0.018;156756.0;15602.0;71.0;1.0;35852.0;0.2;0.1842;8.4807;0.0
710;1.0;388.0;362.0;3.0;1.0;51958.0;0.1667;0.1736;3.9069;0.0
711;0.2772;0.0;178.0;1.0;1.0;52808.0;0.1429;0.1;1.0;0.0
712;0.2772;0.0;144.0;1.0;1.0;59679.0;0.1429;0.1;1.0;0.0
713;0.2772;0.0;144.0;1.0;1.0;44024.0;0.1429;0.1;1.0;0.0
714;0.2772;46515.0;261.0;2.0;1.0;5135.0;0.2;0.2083;1.585;0.0
715;0.2772;0.0;193.0;1.0;1.0;5135.0;0.2;0.3247;3.585;0.0
716;0.2772;0.0;154.0;1.0;1.0;48997.0;0.1765;0.4615;2.2359;0.0
717;0.2772;0.0;154.0;1.0;1.0;2994.0;0.1765;0.4615;2.2359;0.0
718;0.2772;0.0;154.0;1.0;1.0;52972.0;0.1765;0.4615;2.2359;0.0
719;0.2772;0.0;154.0;1.0;1.0;47698.0;0.1765;0.4615;2.2359;0.0
720;0.2772;12.0;306.0;2.0;1.0;57044.0;0.36;0.3304;2.5216;0.0
721;0.2772;0.0;131.0;1.0;1.0;37789.0;0.1429;0.0;-0.0;0.0
722;0.2772;5025.0;278.0;2.0;1.0;37789.0;0.2308;0.2593;3.1699;0.0
723;0.2772;18.0;284.0;2.0;1.0;37789.0;0.4;0.075;2.0;0.0
724;0.0252;259487.0;7168.0;48.0;1.0;38944.0;0.5556;0.1752;7.0394;0.0
725;0.0252;259487.0;7168.0;48.0;1.0;54711.0;0.5556;0.1752;7.0394;0.0
726;0.0252;259487.0;7168.0;48.0;1.0;49621.0;0.5556;0.1752;7.0394;0.0
727;0.0252;259487.0;7168.0;48.0;1.0;57653.0;0.5556;0.1752;7.0394;0.0
728;0.0252;259487.0;7168.0;48.0;1.0;38060.0;0.5556;0.1752;7.0394;0.0
729;0.0252;259487.0;7168.0;48.0;1.0;35852.0;0.5556;0.1752;7.0394;0.0
730;0.0252;259487.0;7227.0;48.0;1.0;48692.0;0.5556;0.1752;7.0394;0.0
731;0.0252;259487.0;7168.0;48.0;1.0;5135.0;0.5556;0.1752;7.0394;0.0
732;0.0252;259487.0;7168.0;48.0;1.0;49424.0;0.5556;0.1752;7.0394;0.0
733;1.0;61.0;518.0;3.0;1.0;37789.0;0.2;0.0392;2.3219;0.0
734;0.0709;10616.0;5885.0;40.0;1.0;37789.0;0.15;0.139;6.561;0.0
735;0.0677;264780.0;2812.0;18.0;1.0;37789.0;0.2941;0.1488;5.6556;0.0
736;0.2772;212311.0;226.0;2.0;1.0;45225.0;0.1667;0.4167;1.585;0.0
737;0.2772;212311.0;226.0;2.0;1.0;52808.0;0.1667;0.4167;1.585;0.0
738;0.2772;212311.0;226.0;2.0;1.0;59679.0;0.1667;0.4167;1.585;0.0
739;0.2772;212312.0;262.0;2.0;1.0;36639.0;0.1667;0.4167;1.585;0.0
740;0.157;162828.0;2679.0;15.0;1.0;37789.0;0.1765;0.2178;5.5131;0.0
741;0.2772;53.0;362.0;2.0;1.0;37789.0;0.1333;0.5893;2.585;0.0
742;0.2772;328.0;267.0;2.0;1.0;58608.0;0.2632;0.4365;1.585;0.0
743;0.2772;328.0;267.0;2.0;1.0;55466.0;0.2632;0.4365;1.585;0.0
744;0.2772;328.0;267.0;2.0;1.0;58564.0;0.2632;0.4365;1.585;0.0
745;0.2772;328.0;267.0;2.0;1.0;53037.0;0.2632;0.4365;1.585;0.0
746;0.2772;328.0;267.0;2.0;1.0;33219.0;0.2632;0.4365;1.585;0.0
747;0.2772;328.0;267.0;2.0;1.0;52790.0;0.2632;0.4365;1.585;0.0
748;0.2772;328.0;267.0;2.0;1.0;39997.0;0.2632;0.4365;1.585;0.0
749;0.2772;328.0;267.0;2.0;1.0;39185.0;0.2632;0.4365;1.585;0.0
750;0.2772;328.0;267.0;2.0;1.0;52874.0;0.2632;0.4365;1.585;0.0
751;0.2772;328.0;267.0;2.0;1.0;39038.0;0.2632;0.4365;1.585;0.0
752;0.2772;328.0;267.0;2.0;1.0;35076.0;0.2632;0.4365;1.585;0.0
753;0.2772;328.0;267.0;2.0;1.0;48411.0;0.2632;0.4365;1.585;0.0
754;0.2772;328.0;267.0;2.0;1.0;59703.0;0.2632;0.4365;1.585;0.0
755;0.2772;0.0;131.0;1.0;1.0;37789.0;0.2727;0.2143;1.0;0.0
756;0.4266;275172.0;1261.0;7.0;1.0;38664.0;0.2778;0.3713;3.8017;0.0
757;0.0603;3027.0;5528.0;36.0;1.0;37789.0;0.4545;0.2078;6.2739;0.0
758;0.1735;1878.0;1579.0;9.0;1.0;37789.0;0.5;0.1363;5.0952;0.0
759;0.0552;263631.0;10471.0;62.0;1.0;37789.0;0.2727;0.2182;7.3854;0.0
760;0.3402;769.0;2512.0;17.0;1.0;37789.0;0.4783;0.1476;5.1524;0.0
761;0.2772;68.0;265.0;2.0;1.0;37789.0;0.4118;0.0833;1.585;0.0
762;0.0118;124210.0;12939.0;87.0;1.0;48997.0;0.1667;0.1602;7.3944;0.0
763;0.0134;124210.0;11192.0;77.0;1.0;2994.0;0.1667;0.1622;7.4684;0.0
764;0.0138;124210.0;11098.0;76.0;1.0;52972.0;0.1667;0.1628;7.4735;0.0
765;0.0134;124210.0;11275.0;77.0;1.0;47698.0;0.1667;0.1622;7.4732;0.0
766;0.0919;171663.0;1841.0;13.0;1.0;37789.0;0.125;0.1099;5.1066;0.0
767;1.0;295.0;422.0;3.0;1.0;37789.0;0.2;0.1852;3.5466;0.0
768;0.2772;0.0;170.0;1.0;1.0;48997.0;0.3043;0.3684;2.0;0.0
769;0.2772;0.0;170.0;1.0;1.0;2994.0;0.3043;0.3684;2.0;0.0
770;0.2772;0.0;170.0;1.0;1.0;52972.0;0.3043;0.3684;2.0;0.0
771;0.2772;0.0;170.0;1.0;1.0;47698.0;0.3043;0.3684;2.0;0.0
772;0.5113;37266.0;901.0;5.0;1.0;48997.0;0.3043;0.3081;5.0;0.0
773;0.5113;37266.0;901.0;5.0;1.0;2994.0;0.3043;0.3081;5.0;0.0
774;0.5113;37266.0;901.0;5.0;1.0;52972.0;0.3043;0.3081;5.0;0.0
775;0.5113;37266.0;901.0;5.0;1.0;47698.0;0.3043;0.3081;5.0;0.0
776;0.9554;247575.0;589350.0;4120.0;1.0;53702.0;0.2;0.7333;7.0042;0.0
777;0.2772;0.0;129.0;1.0;1.0;37789.0;0.5789;0.0;-0.0;0.0
778;0.1459;5627.0;3831.0;23.0;1.0;38664.0;0.1429;0.1773;6.9062;0.0
779;1.0;172827.0;371.0;3.0;1.0;33894.0;0.2308;0.0;1.585;0.0
780;0.2772;172843.0;242.0;2.0;1.0;38664.0;0.1429;0.0;-0.0;0.0
781;1.0;2732.0;410.0;3.0;1.0;38664.0;0.1429;0.4506;2.8074;0.0
782;0.1215;4195.0;2124.0;15.0;1.0;38664.0;0.1538;0.1901;5.4644;0.0
783;0.0664;13561.0;3182.0;23.0;1.0;35076.0;0.2353;0.3266;6.3092;0.0
784;0.0498;217326.0;3795.0;28.0;1.0;48411.0;0.2353;0.3067;6.3019;0.0
785;0.0686;13096.0;2910.0;21.0;1.0;59703.0;0.2353;0.3485;6.2293;0.0
786;0.0664;13561.0;3182.0;23.0;1.0;55466.0;0.2353;0.3266;6.3092;0.0
787;0.0498;217326.0;3795.0;28.0;1.0;39038.0;0.2353;0.3067;6.3019;0.0
788;0.0498;217326.0;3795.0;28.0;1.0;39185.0;0.2353;0.3067;6.3019;0.0
789;0.0498;217326.0;3795.0;28.0;1.0;52790.0;0.2353;0.3067;6.3019;0.0
790;0.0664;13561.0;3182.0;23.0;1.0;33219.0;0.2353;0.3266;6.3092;0.0
791;0.0498;217326.0;3795.0;28.0;1.0;53037.0;0.2353;0.3067;6.3019;0.0
792;0.0498;217326.0;3795.0;28.0;1.0;39997.0;0.2353;0.3067;6.3019;0.0
793;0.0498;217326.0;3795.0;28.0;1.0;58564.0;0.2353;0.3067;6.3019;0.0
794;0.0498;217326.0;3795.0;28.0;1.0;52874.0;0.2353;0.3067;6.3019;0.0
795;0.0625;217326.0;3913.0;29.0;1.0;58608.0;0.2353;0.3306;6.2952;0.0
796;1.0;689.0;430.0;3.0;1.0;35852.0;0.2;0.243;4.3219;0.0
797;1.0;689.0;430.0;3.0;1.0;52490.0;0.2;0.243;4.3219;0.0
798;0.2772;0.0;145.0;1.0;1.0;52808.0;0.2727;0.1212;2.3219;0.0
799;0.2772;0.0;145.0;1.0;1.0;59679.0;0.2727;0.1212;2.3219;0.0
800;0.2772;0.0;145.0;1.0;1.0;44024.0;0.2727;0.1212;2.3219;0.0
801;0.2772;0.0;129.0;1.0;1.0;44024.0;0.2727;0.1739;2.0;0.0
802;1.0;132590.0;669.0;4.0;1.0;35852.0;0.25;0.2134;5.3231;0.0
803;1.0;132590.0;669.0;4.0;1.0;52490.0;0.25;0.2134;5.3231;0.0
804;0.0979;186411.0;5604.0;35.0;1.0;48692.0;0.1579;0.2714;7.1539;0.0
805;0.0979;186411.0;5663.0;35.0;1.0;5135.0;0.1579;0.2714;7.1539;0.0
806;0.0979;186411.0;5663.0;35.0;1.0;49424.0;0.1579;0.2714;7.1539;0.0
807;0.0979;186411.0;5604.0;35.0;1.0;57653.0;0.1579;0.2714;7.1539;0.0
808;0.0979;186411.0;5604.0;35.0;1.0;49621.0;0.1579;0.2714;7.1539;0.0
809;0.0979;186411.0;5604.0;35.0;1.0;38944.0;0.1579;0.2714;7.1539;0.0
810;0.0979;186411.0;5604.0;35.0;1.0;54711.0;0.1579;0.2714;7.1539;0.0
811;0.0979;186411.0;5604.0;35.0;1.0;38060.0;0.1579;0.2714;7.1539;0.0
812;0.0374;169951.0;5395.0;31.0;1.0;58608.0;0.55;0.3887;6.6258;0.0
813;0.0626;10401.0;5082.0;29.0;1.0;55466.0;0.55;0.368;6.6428;0.0
814;0.0374;169951.0;5395.0;31.0;1.0;58564.0;0.55;0.3887;6.6258;0.0
815;0.0374;169951.0;5395.0;31.0;1.0;53037.0;0.55;0.3887;6.6258;0.0
816;0.0626;10401.0;5082.0;29.0;1.0;33219.0;0.55;0.368;6.6428;0.0
817;0.0374;169951.0;5395.0;31.0;1.0;52790.0;0.55;0.3887;6.6258;0.0
818;0.0374;169951.0;5395.0;31.0;1.0;39997.0;0.55;0.3887;6.6258;0.0
819;0.0374;169951.0;5395.0;31.0;1.0;39185.0;0.55;0.3887;6.6258;0.0
820;0.0374;169951.0;5395.0;31.0;1.0;52874.0;0.55;0.3887;6.6258;0.0
821;0.0374;169951.0;5395.0;31.0;1.0;39038.0;0.55;0.3887;6.6258;0.0
822;0.0626;10401.0;5082.0;29.0;1.0;35076.0;0.55;0.368;6.6428;0.0
823;0.0374;169951.0;5395.0;31.0;1.0;48411.0;0.55;0.3887;6.6258;0.0
824;0.0703;10163.0;4410.0;25.0;1.0;59703.0;0.55;0.3563;6.5305;0.0
825;0.2186;6269.0;1195.0;8.0;1.0;37789.0;0.2273;0.2234;4.6639;0.0
826;1.0;47.0;553.0;3.0;1.0;35852.0;0.2308;0.187;4.6795;0.0
827;1.0;47.0;553.0;3.0;1.0;52490.0;0.2308;0.187;4.6795;0.0
828;0.2772;76897.0;250.0;2.0;1.0;56245.0;0.25;0.0;1.0;0.0
829;0.2772;76897.0;250.0;2.0;1.0;61589.0;0.25;0.0;1.0;0.0
830;0.0669;220990.0;10777.0;69.0;1.0;53702.0;0.2727;0.1798;7.8557;0.0
831;0.2772;0.0;140.0;1.0;1.0;61589.0;0.1818;0.0;-0.0;0.0
832;1.0;735.0;431.0;3.0;1.0;5135.0;0.1818;0.0581;1.371;0.0
833;0.2772;0.0;156.0;1.0;1.0;52490.0;0.2727;0.2581;2.585;0.0
834;0.2772;0.0;156.0;1.0;1.0;35852.0;0.2727;0.2581;2.585;0.0
835;0.2772;0.0;113.0;1.0;1.0;5135.0;0.25;0.0;-0.0;0.0
836;0.608;1506.0;970.0;6.0;1.0;37789.0;0.1333;0.1281;3.585;0.0
837;0.2772;0.0;130.0;1.0;1.0;37789.0;0.2;0.125;-0.0;0.0
838;0.061;3261.0;24754.0;94.0;1.0;51951.0;0.1667;0.1938;7.5499;0.0
839;0.0484;82006.0;4657.0;28.0;1.0;53702.0;0.2727;0.1844;6.9368;0.0
840;0.7069;70.0;2557.0;12.0;1.0;37789.0;0.1667;0.3311;3.9965;0.0
841;0.2594;427.0;1370.0;10.0;1.0;37789.0;0.1667;0.1765;4.6961;0.0
842;0.1196;190994.0;1327.0;11.0;1.0;38664.0;0.1818;0.1624;4.5661;0.0
843;0.251;207.0;1184.0;8.0;1.0;37789.0;0.1429;0.1465;5.0286;0.0
844;0.3358;192600.0;1037.0;7.0;1.0;41416.0;0.2353;0.2511;4.6439;0.0
845;0.3358;192600.0;1037.0;7.0;1.0;61589.0;0.2353;0.2511;4.6439;0.0
846;0.2772;0.0;118.0;1.0;1.0;38664.0;0.2;0.2222;1.0;0.0
847;0.1978;186770.0;1206.0;8.0;1.0;48692.0;0.1111;0.275;5.2719;0.0
848;1.0;125650.0;408.0;3.0;1.0;48692.0;0.2727;0.1778;2.3219;0.0
849;1.0;450.0;613.0;4.0;1.0;37789.0;0.3125;0.1324;3.8219;0.0
850;0.1675;6849.0;2209.0;16.0;1.0;54856.0;0.1667;0.1549;6.0286;0.0
851;1.0;188645.0;581.0;4.0;1.0;35852.0;0.2308;0.1188;3.8074;0.0
852;1.0;188645.0;581.0;4.0;1.0;52490.0;0.2308;0.1188;3.8074;0.0
853;0.0298;191459.0;10506.0;54.0;1.0;51459.0;0.3636;0.2303;8.4515;0.0
854;0.293;195540.0;861.0;5.0;1.0;38664.0;0.2;0.1894;5.4406;0.0
855;0.2772;80420.0;366.0;2.0;1.0;38944.0;0.1333;0.2361;4.4697;0.0
856;0.3046;124149.0;659.0;5.0;1.0;38944.0;0.1667;0.2011;3.6402;0.0
857;0.3035;185861.0;1265.0;6.0;1.0;38664.0;0.2308;0.3573;5.8409;0.0
858;0.2772;1.0;254.0;2.0;1.0;48997.0;0.1765;0.2;-0.0;0.0
859;0.2772;0.0;127.0;1.0;1.0;2994.0;0.1765;0.2;-0.0;0.0
860;0.2772;0.0;127.0;1.0;1.0;52972.0;0.1765;0.2;-0.0;0.0
861;0.2772;0.0;127.0;1.0;1.0;47698.0;0.1765;0.2;-0.0;0.0
862;0.2772;0.0;153.0;1.0;1.0;37789.0;0.3333;0.2381;2.0;0.0
863;0.4811;388.0;837.0;6.0;1.0;58608.0;0.3077;0.2152;4.2479;0.0
864;0.4811;388.0;837.0;6.0;1.0;55466.0;0.3077;0.2152;4.2479;0.0
865;0.4811;388.0;837.0;6.0;1.0;58564.0;0.3077;0.2152;4.2479;0.0
866;0.4811;388.0;837.0;6.0;1.0;53037.0;0.3077;0.2152;4.2479;0.0
867;0.4811;388.0;837.0;6.0;1.0;33219.0;0.3077;0.2152;4.2479;0.0
868;0.4811;388.0;837.0;6.0;1.0;52790.0;0.3077;0.2152;4.2479;0.0
869;0.4811;388.0;837.0;6.0;1.0;39997.0;0.3077;0.2152;4.2479;0.0
870;0.4811;388.0;837.0;6.0;1.0;39185.0;0.3077;0.2152;4.2479;0.0
871;0.4811;388.0;837.0;6.0;1.0;52874.0;0.3077;0.2152;4.2479;0.0
872;0.4811;388.0;837.0;6.0;1.0;39038.0;0.3077;0.2152;4.2479;0.0
873;0.4811;388.0;837.0;6.0;1.0;35076.0;0.3077;0.2152;4.2479;0.0
874;0.4811;388.0;837.0;6.0;1.0;48411.0;0.3077;0.2152;4.2479;0.0
875;0.2772;123.0;279.0;2.0;1.0;59703.0;0.3077;0.3426;2.585;0.0
876;0.2772;1.0;320.0;2.0;1.0;38664.0;0.1579;0.5889;3.1699;0.0
877;0.2772;0.0;123.0;1.0;1.0;58608.0;0.1765;0.2;-0.0;0.0
878;0.2772;0.0;123.0;1.0;1.0;55466.0;0.1765;0.2;-0.0;0.0
879;0.2772;0.0;123.0;1.0;1.0;58564.0;0.1765;0.2;-0.0;0.0
880;0.2772;0.0;123.0;1.0;1.0;53037.0;0.1765;0.2;-0.0;0.0
881;0.2772;0.0;123.0;1.0;1.0;33219.0;0.1765;0.2;-0.0;0.0
882;0.2772;0.0;123.0;1.0;1.0;52790.0;0.1765;0.2;-0.0;0.0
883;0.2772;0.0;123.0;1.0;1.0;39997.0;0.1765;0.2;-0.0;0.0
884;0.2772;0.0;123.0;1.0;1.0;39185.0;0.1765;0.2;-0.0;0.0
885;0.2772;0.0;123.0;1.0;1.0;52874.0;0.1765;0.2;-0.0;0.0
886;0.2772;0.0;123.0;1.0;1.0;39038.0;0.1765;0.2;-0.0;0.0
887;0.2772;0.0;123.0;1.0;1.0;35076.0;0.1765;0.2;-0.0;0.0
888;0.2772;0.0;123.0;1.0;1.0;48411.0;0.1765;0.2;-0.0;0.0
889;0.2772;0.0;123.0;1.0;1.0;59703.0;0.1765;0.2;-0.0;0.0
890;0.0706;216141.0;9233.0;57.0;1.0;53702.0;0.2308;0.198;7.8844;0.0
891;1.0;105.0;611.0;3.0;1.0;52490.0;0.6667;0.243;4.4839;0.0
892;1.0;105.0;611.0;3.0;1.0;35852.0;0.6667;0.243;4.4839;0.0
893;0.3028;203866.0;885.0;7.0;1.0;37924.0;0.2353;0.1813;3.4056;0.0
894;1.0;92.0;558.0;4.0;1.0;37924.0;0.3077;0.1515;3.7004;0.0
895;0.293;159650.0;985.0;6.0;1.0;37924.0;0.55;0.5239;3.6901;0.0
896;0.2772;23.0;287.0;2.0;1.0;41272.0;0.1538;0.1042;3.1699;0.0
897;0.2772;0.0;133.0;1.0;1.0;37789.0;0.55;0.0;-0.0;0.0
898;0.2772;0.0;152.0;1.0;1.0;37789.0;0.2;0.0714;1.0;0.0
899;0.293;183909.0;1473.0;6.0;1.0;38664.0;0.2308;0.2473;6.334;0.0
900;0.1346;172813.0;1431.0;10.0;1.0;43805.0;0.1111;0.3192;4.1368;0.0
901;0.1346;172813.0;1431.0;10.0;1.0;38664.0;0.1111;0.3192;4.1368;0.0
902;0.1346;172813.0;1470.0;10.0;1.0;56255.0;0.1111;0.3192;4.1368;0.0
903;0.2772;0.0;153.0;1.0;1.0;37789.0;0.2308;0.2857;2.0;0.0
904;0.1901;210449.0;1491.0;10.0;1.0;53702.0;0.2308;0.2124;5.8346;0.0
905;0.0903;212264.0;5892.0;44.0;1.0;41416.0;0.1875;0.2623;6.3909;0.0
906;0.0999;212264.0;6569.0;48.0;1.0;61589.0;0.1875;0.2554;6.5128;0.0
907;0.2772;0.0;126.0;1.0;1.0;37789.0;0.2308;0.0;-0.0;0.0
908;0.2772;0.0;183.0;1.0;1.0;54856.0;0.1364;0.2791;-0.0;0.0
909;1.0;161877.0;532.0;4.0;1.0;48692.0;0.3333;0.3107;2.8074;0.0
910;0.0414;41089.0;4980.0;30.0;1.0;61589.0;0.2;0.1818;6.8152;0.0
911;0.2772;0.0;141.0;1.0;1.0;37789.0;0.3333;0.0909;1.0;0.0
912;0.2772;13.0;288.0;2.0;1.0;54856.0;0.2308;0.1983;3.7004;0.0
913;0.2772;69.0;233.0;2.0;1.0;53310.0;0.1538;0.2111;1.5;0.0
914;0.2772;69.0;311.0;2.0;1.0;2441.0;0.1538;0.2111;1.5;0.0
915;0.2772;69.0;233.0;2.0;1.0;63378.0;0.1538;0.2111;1.5;0.0
916;0.2772;69.0;257.0;2.0;1.0;56828.0;0.1538;0.2111;1.5;0.0
917;0.2772;69.0;233.0;2.0;1.0;24537.0;0.1538;0.2111;1.5;0.0
918;0.2772;69.0;233.0;2.0;1.0;53880.0;0.1538;0.2111;1.5;0.0
919;0.2772;69.0;257.0;2.0;1.0;51574.0;0.1538;0.2111;1.5;0.0
920;0.1446;89323.0;2209.0;14.0;1.0;38664.0;0.1;0.2957;5.3899;0.0
921;0.2772;0.0;270.0;2.0;1.0;48997.0;0.1923;0.0;-0.0;0.0
922;0.2772;0.0;135.0;1.0;1.0;2994.0;0.1923;0.0;-0.0;0.0
923;0.2772;0.0;135.0;1.0;1.0;52972.0;0.1923;0.0;-0.0;0.0
924;0.2772;0.0;135.0;1.0;1.0;47698.0;0.1923;0.0;-0.0;0.0
925;0.2772;6.0;288.0;2.0;1.0;61589.0;0.2308;0.1667;1.0;0.0
926;0.2772;6.0;288.0;2.0;1.0;41416.0;0.2308;0.1667;1.0;0.0
927;0.1836;164660.0;935.0;7.0;1.0;24428.0;0.0952;0.4142;4.0;0.0
928;0.0853;156368.0;3537.0;19.0;1.0;24428.0;0.2308;0.7199;6.0117;0.0
929;0.1848;91437.0;971.0;7.0;1.0;38664.0;0.3333;0.3605;3.875;0.0
930;0.1344;3004.0;1723.0;9.0;1.0;65124.0;0.2308;0.4852;5.4651;0.0
931;0.1344;3004.0;1723.0;9.0;1.0;49424.0;0.2308;0.4852;5.4651;0.0
932;0.1344;3004.0;1723.0;9.0;1.0;49621.0;0.2308;0.4852;5.4651;0.0
933;0.1344;3004.0;1615.0;9.0;1.0;46172.0;0.2308;0.4852;5.4651;0.0
934;0.1344;3004.0;1723.0;9.0;1.0;38060.0;0.2308;0.4852;5.4651;0.0
935;0.0546;166359.0;11964.0;61.0;1.0;49424.0;0.2;0.2496;8.2273;0.0
936;0.0144;152604.0;14618.0;87.0;1.0;37789.0;0.375;0.1792;7.4512;0.0
937;0.534;196621.0;815.0;5.0;1.0;37924.0;0.2308;0.0867;1.971;0.0
938;0.2772;7.0;330.0;2.0;1.0;54856.0;0.5333;0.2124;2.0;0.0
939;0.3071;265.0;971.0;5.0;1.0;52490.0;0.2727;0.2202;5.4859;0.0
940;0.3071;265.0;971.0;5.0;1.0;35852.0;0.2727;0.2202;5.4859;0.0
941;0.2772;0.0;136.0;1.0;1.0;47933.0;0.1429;0.0833;1.0;0.0
942;0.0944;6325.0;8509.0;48.0;1.0;41416.0;0.125;0.2371;6.8532;0.0
943;0.0944;6325.0;8509.0;48.0;1.0;61589.0;0.125;0.2371;6.8532;0.0
944;0.2772;0.0;136.0;1.0;1.0;37789.0;0.4444;0.0;-0.0;0.0
945;1.0;5010.0;487.0;4.0;1.0;49621.0;0.2;0.5;2.0;0.0
946;0.2772;2.0;255.0;2.0;1.0;37789.0;0.1667;0.0909;1.585;0.0
947;0.2772;0.0;124.0;1.0;1.0;38664.0;0.1333;0.1429;-0.0;0.0
948;1.0;88464.0;534.0;4.0;1.0;38664.0;0.2;0.25;1.0;0.0
949;0.2458;1391.0;1571.0;10.0;1.0;37789.0;0.2308;0.2267;5.9467;0.0
950;0.2772;70.0;313.0;2.0;1.0;37789.0;0.2632;0.0714;2.0;0.0
951;0.2772;15232.0;244.0;2.0;1.0;53882.0;0.1667;0.4286;1.0;0.0
952;0.6726;806.0;1599.0;10.0;1.0;37789.0;0.2273;0.2326;5.4367;0.0
953;0.2772;0.0;123.0;1.0;1.0;43805.0;0.1538;1.0;-0.0;0.0
954;0.2772;0.0;123.0;1.0;1.0;38664.0;0.1538;1.0;-0.0;0.0
955;0.2772;0.0;123.0;1.0;1.0;56255.0;0.1538;1.0;-0.0;0.0
956;0.1146;5404.0;1508.0;11.0;1.0;37789.0;0.1875;0.2484;4.5639;0.0
957;0.2123;7687.0;5739.0;36.0;1.0;37789.0;0.2308;0.2221;7.0258;0.0
958;0.0221;16235.0;12759.0;72.0;1.0;37789.0;0.2381;0.2629;7.3186;0.0
959;0.2007;6458.0;12397.0;73.0;1.0;37789.0;0.2941;0.2334;8.0007;0.0
960;0.2772;0.0;158.0;1.0;1.0;38944.0;0.125;0.2;1.0;0.0
961;0.2772;0.0;158.0;1.0;1.0;54711.0;0.125;0.2;1.0;0.0
962;0.2772;0.0;158.0;1.0;1.0;49621.0;0.125;0.2;1.0;0.0
963;0.2772;0.0;158.0;1.0;1.0;57653.0;0.125;0.2;1.0;0.0
964;0.2772;0.0;158.0;1.0;1.0;38060.0;0.125;0.2;1.0;0.0
965;0.2772;0.0;158.0;1.0;1.0;35852.0;0.125;0.2;1.0;0.0
966;0.2772;0.0;158.0;1.0;1.0;48692.0;0.125;0.2;1.0;0.0
967;0.2772;0.0;158.0;1.0;1.0;5135.0;0.125;0.2;1.0;0.0
968;0.2772;0.0;158.0;1.0;1.0;49424.0;0.125;0.2;1.0;0.0
969;0.0463;182122.0;4696.0;30.0;1.0;37789.0;0.1364;0.2745;5.7668;0.0
970;0.4003;418.0;1335.0;9.0;1.0;61589.0;0.2143;0.1014;5.015;0.0
971;0.4003;418.0;1335.0;9.0;1.0;41416.0;0.2143;0.1014;5.015;0.0
972;0.2772;0.0;183.0;1.0;1.0;52490.0;0.2222;0.1833;3.1699;0.0
973;0.2772;0.0;183.0;1.0;1.0;41416.0;0.2222;0.1833;3.1699;0.0
974;0.2772;0.0;183.0;1.0;1.0;33916.0;0.2222;0.1833;3.1699;0.0
975;0.2772;0.0;183.0;1.0;1.0;35852.0;0.2222;0.1833;3.1699;0.0
976;0.2772;3.0;285.0;2.0;1.0;52490.0;0.3333;0.2562;2.585;0.0
977;0.2772;3.0;285.0;2.0;1.0;35852.0;0.3333;0.2562;2.585;0.0
978;0.2772;0.0;170.0;1.0;1.0;37789.0;0.3529;0.2857;-0.0;0.0
979;0.2772;0.0;165.0;1.0;1.0;55466.0;0.3529;0.2857;-0.0;0.0
980;0.2772;0.0;165.0;1.0;1.0;58564.0;0.3529;0.2857;-0.0;0.0
981;0.2772;0.0;165.0;1.0;1.0;53037.0;0.3529;0.2857;-0.0;0.0
982;0.2772;0.0;165.0;1.0;1.0;33219.0;0.3529;0.2857;-0.0;0.0
983;0.2772;0.0;165.0;1.0;1.0;52790.0;0.3529;0.2857;-0.0;0.0
984;0.2772;0.0;165.0;1.0;1.0;39997.0;0.3529;0.2857;-0.0;0.0
985;0.2772;0.0;165.0;1.0;1.0;58608.0;0.3529;0.2857;-0.0;0.0
986;0.2772;0.0;165.0;1.0;1.0;39185.0;0.3529;0.2857;-0.0;0.0
987;0.2772;0.0;165.0;1.0;1.0;52874.0;0.3529;0.2857;-0.0;0.0
988;0.2772;0.0;165.0;1.0;1.0;39038.0;0.3529;0.2857;-0.0;0.0
989;0.2772;0.0;165.0;1.0;1.0;35076.0;0.3529;0.2857;-0.0;0.0
990;0.2772;0.0;165.0;1.0;1.0;48411.0;0.3529;0.2857;-0.0;0.0
991;0.2772;0.0;165.0;1.0;1.0;37924.0;0.3529;0.2857;-0.0;0.0
992;0.2772;0.0;169.0;1.0;1.0;57044.0;0.3529;0.2857;-0.0;0.0
993;1.0;216.0;514.0;4.0;1.0;51459.0;0.2727;0.1879;3.3219;0.0
994;0.3048;56.0;1037.0;7.0;1.0;45225.0;0.2;0.2115;2.8074;0.0
995;0.3048;56.0;1071.0;7.0;1.0;52808.0;0.2;0.2115;2.8074;0.0
996;0.3048;56.0;1037.0;7.0;1.0;59679.0;0.2;0.2115;2.8074;0.0
997;0.3048;56.0;1037.0;7.0;1.0;36639.0;0.2;0.2115;2.8074;0.0
998;0.0841;2080.0;6878.0;30.0;1.0;52490.0;0.2308;0.3168;6.8627;0.0
999;0.0841;2080.0;6878.0;30.0;1.0;35852.0;0.2308;0.3168;6.8627;0.0
1000;0.2013;1612.0;1077.0;8.0;1.0;37789.0;0.3125;0.208;3.9698;0.0
1001;0.1303;181367.0;1658.0;11.0;1.0;38944.0;0.1579;0.143;5.3231;0.0
1002;0.1643;2357.0;5908.0;36.0;1.0;52490.0;0.25;0.2711;7.0203;0.0
1003;0.1643;2357.0;5849.0;36.0;1.0;35852.0;0.25;0.2711;7.0203;0.0
1004;0.0244;35669.0;7895.0;52.0;1.0;37789.0;0.1765;0.2128;7.3131;0.0
1005;0.2772;0.0;131.0;1.0;1.0;48692.0;0.2308;0.2;-0.0;0.0
1006;0.0872;147767.0;2862.0;14.0;1.0;52490.0;0.1579;0.1856;6.214;0.0
1007;0.0872;147767.0;2862.0;14.0;1.0;35852.0;0.1579;0.1856;6.214;0.0
1008;0.0421;152324.0;7128.0;51.0;1.0;47933.0;0.25;0.2603;7.096;0.0
1009;0.0421;152324.0;7128.0;51.0;1.0;49621.0;0.25;0.2603;7.096;0.0
1010;0.0421;152324.0;7227.0;51.0;1.0;65124.0;0.25;0.2603;7.096;0.0
1011;0.2772;0.0;123.0;1.0;1.0;49621.0;0.25;0.5455;1.0;0.0
1012;0.2772;0.0;111.0;1.0;1.0;46172.0;0.25;0.5455;1.0;0.0
1013;0.2772;0.0;123.0;1.0;1.0;38060.0;0.25;0.5455;1.0;0.0
1014;0.2772;0.0;123.0;1.0;1.0;41272.0;0.25;0.5455;1.0;0.0
1015;0.2772;0.0;123.0;1.0;1.0;65124.0;0.25;0.5455;1.0;0.0
1016;0.2772;0.0;123.0;1.0;1.0;49424.0;0.25;0.5455;1.0;0.0
1017;0.2772;9.0;249.0;2.0;1.0;38664.0;0.1429;0.3333;1.585;0.0
1018;0.0229;10020.0;17865.0;74.0;1.0;37789.0;0.1667;0.2254;7.4896;0.0
1019;0.2772;0.0;135.0;1.0;1.0;37789.0;0.1333;0.1667;1.0;0.0
1020;0.0307;181324.0;6583.0;38.0;1.0;37789.0;0.1538;0.1984;7.0901;0.0
1021;0.0252;92188.0;9805.0;50.0;1.0;38944.0;0.1429;0.2124;7.6337;0.0
1022;0.0219;184150.0;17296.0;75.0;1.0;61589.0;0.2;0.2541;8.1509;0.0
1023;0.0219;184150.0;17238.0;75.0;1.0;41416.0;0.2;0.2541;8.1509;0.0
1024;0.28;905.0;2888.0;17.0;1.0;37789.0;0.7692;0.1825;6.3279;0.0
1025;0.2772;0.0;173.0;1.0;1.0;38664.0;0.1333;0.1346;-0.0;0.0
1026;0.0885;189226.0;3183.0;19.0;1.0;38944.0;0.2727;0.2059;6.347;0.0
1027;1.0;43877.0;545.0;4.0;1.0;38664.0;0.1429;0.0;0.8113;0.0
1028;1.0;43877.0;545.0;4.0;1.0;56255.0;0.1429;0.0;0.8113;0.0
1029;1.0;43877.0;545.0;4.0;1.0;43805.0;0.1429;0.0;0.8113;0.0
1030;0.1149;9841.0;2256.0;12.0;1.0;56245.0;0.1111;0.2234;6.3105;0.0
1031;0.1149;9841.0;2256.0;12.0;1.0;61589.0;0.1111;0.2234;6.3105;0.0
1032;0.2772;0.0;146.0;1.0;1.0;37789.0;0.35;0.2;1.585;0.0
1033;0.3072;5148.0;1397.0;10.0;1.0;37789.0;0.2308;0.1828;5.0374;0.0
1034;0.2772;174112.0;252.0;2.0;1.0;45225.0;0.1111;0.0909;1.0;0.0
1035;0.0572;136420.0;3447.0;22.0;1.0;52490.0;0.25;0.3899;6.3446;0.0
1036;0.0572;136420.0;3447.0;22.0;1.0;35852.0;0.25;0.3899;6.3446;0.0
1037;0.0468;9366.0;14735.0;75.0;1.0;38944.0;0.3;0.2407;7.9756;0.0
1038;0.1022;141168.0;3405.0;21.0;1.0;48692.0;0.2857;0.1644;6.4359;0.0
1039;0.2772;0.0;282.0;1.0;1.0;37789.0;0.5263;0.3311;4.5931;0.0
1040;0.2772;0.0;184.0;1.0;1.0;38944.0;0.2667;0.2273;3.0;0.0
1041;0.0872;189899.0;2769.0;14.0;1.0;37789.0;0.1579;0.1842;6.4871;0.0
1042;0.2772;59.0;437.0;2.0;1.0;50780.0;0.2727;0.1848;4.858;0.0
1043;0.2772;374.0;283.0;2.0;1.0;37789.0;0.1875;0.2654;2.585;0.0
1044;1.0;72010.0;505.0;3.0;1.0;56245.0;0.1875;0.2272;4.2479;0.0
1045;1.0;72010.0;505.0;3.0;1.0;61589.0;0.1875;0.2272;4.2479;0.0
1046;1.0;2770.0;864.0;4.0;1.0;56245.0;0.1765;0.2951;5.4439;0.0
1047;1.0;2770.0;864.0;4.0;1.0;61589.0;0.1765;0.2951;5.4439;0.0
1048;1.0;1623.0;553.0;4.0;1.0;56245.0;0.2143;0.0991;3.4594;0.0
1049;1.0;1623.0;612.0;4.0;1.0;61589.0;0.2143;0.0991;3.4594;0.0
1050;0.3065;2862.0;3733.0;23.0;1.0;37789.0;0.3158;0.1562;6.4777;0.0
1051;0.8871;176505.0;666.0;5.0;1.0;37789.0;0.1667;0.1095;2.585;0.0
1052;0.2772;11.0;582.0;2.0;1.0;52490.0;0.1667;0.243;5.4223;0.0
1053;0.2772;11.0;582.0;2.0;1.0;35852.0;0.1667;0.243;5.4223;0.0
1054;0.803;185.0;888.0;5.0;1.0;56245.0;0.3333;0.236;5.5327;0.0
1055;0.803;185.0;888.0;5.0;1.0;61589.0;0.3333;0.236;5.5327;0.0
1056;1.0;125096.0;530.0;3.0;1.0;51046.0;0.2632;0.7803;2.2516;0.0
1057;0.2772;45.0;362.0;2.0;1.0;53012.0;0.2632;0.7895;1.5;0.0
1058;1.0;125096.0;392.0;3.0;1.0;24428.0;0.2632;0.7803;2.2516;0.0
1059;0.0742;125158.0;3371.0;16.0;1.0;51046.0;0.2308;0.7675;5.966;0.0
1060;1.0;59.0;696.0;4.0;1.0;53012.0;0.2308;0.4677;3.5249;0.0
1061;1.0;324.0;689.0;4.0;1.0;56245.0;0.1;0.2165;5.1362;0.0
1062;1.0;324.0;689.0;4.0;1.0;61589.0;0.1;0.2165;5.1362;0.0
1063;0.2772;631.0;470.0;2.0;1.0;50780.0;0.3333;0.2056;5.0033;0.0
1064;0.106;54859.0;1770.0;12.0;1.0;48692.0;0.2727;0.1196;4.72;0.0
1065;0.2999;954.0;788.0;5.0;1.0;49424.0;0.2727;0.3796;4.8897;0.0
1066;0.5997;261.0;800.0;5.0;1.0;37789.0;0.3684;0.1657;4.7069;0.0
1067;0.2935;38157.0;1081.0;6.0;1.0;38664.0;0.1765;0.3003;2.5;0.0
1068;0.2772;0.0;124.0;1.0;1.0;37789.0;0.2;0.0;-0.0;0.0
1069;0.2772;0.0;131.0;1.0;1.0;37789.0;0.3333;0.0;-0.0;0.0
1070;0.2561;1207.0;3393.0;20.0;1.0;37789.0;0.4211;0.1732;6.5149;0.0
1071;0.2772;0.0;150.0;1.0;1.0;37789.0;0.3684;0.25;2.0;0.0
1072;0.1297;5029.0;2284.0;15.0;1.0;37789.0;0.15;0.1599;4.8279;0.0
1073;0.2772;0.0;116.0;1.0;1.0;45225.0;0.1667;0.0;-0.0;0.0
1074;0.2772;0.0;116.0;1.0;1.0;52808.0;0.1667;0.0;-0.0;0.0
1075;0.2772;0.0;116.0;1.0;1.0;59679.0;0.1667;0.0;-0.0;0.0
1076;0.2772;0.0;116.0;1.0;1.0;36639.0;0.1667;0.0;-0.0;0.0
1077;0.2772;19.0;296.0;2.0;1.0;37789.0;0.2667;0.2;2.0;0.0
1078;1.0;96.0;499.0;3.0;1.0;37789.0;0.2143;0.1498;3.9069;0.0
1079;1.0;49.0;546.0;3.0;1.0;61589.0;0.1739;0.1708;4.0875;0.0
1080;1.0;1287.0;756.0;4.0;1.0;56245.0;0.3;0.1677;5.436;0.0
1081;1.0;1287.0;756.0;4.0;1.0;61589.0;0.3;0.1677;5.436;0.0
1082;0.2772;0.0;193.0;1.0;1.0;37789.0;0.1364;0.1538;2.3219;0.0
1083;0.5709;203.0;1957.0;11.0;1.0;37789.0;0.2308;0.1864;5.7734;0.0
1084;0.2772;0.0;152.0;1.0;1.0;37789.0;0.2308;0.2051;2.8074;0.0
1085;0.0478;81107.0;3676.0;25.0;1.0;37789.0;0.15;0.1842;5.6481;0.0
1086;0.2772;0.0;259.0;1.0;1.0;37789.0;0.32;0.2459;3.9069;0.0
1087;0.2772;0.0;183.0;1.0;1.0;37789.0;0.2941;0.2308;2.3219;0.0
1088;0.2772;84997.0;256.0;2.0;1.0;56740.0;0.2;0.1111;1.0;0.0
1089;0.2772;85147.0;264.0;2.0;1.0;56740.0;0.2;0.0909;1.0;0.0
1090;0.2772;85143.0;258.0;2.0;1.0;57044.0;0.2;0.0909;1.0;0.0
1091;0.2935;7935.0;1052.0;6.0;1.0;37789.0;0.4737;0.1193;4.8402;0.0
1092;0.2772;0.0;132.0;1.0;1.0;52490.0;0.1429;1.0;-0.0;0.0
1093;0.2772;0.0;132.0;1.0;1.0;35852.0;0.1429;1.0;-0.0;0.0
1094;0.2772;3.0;229.0;2.0;1.0;57044.0;0.125;0.5;1.0;0.0
1095;0.2772;0.0;116.0;1.0;1.0;38664.0;0.1538;0.0;-0.0;0.0
1096;0.3793;171.0;1819.0;14.0;1.0;43805.0;0.1429;0.1161;4.7606;0.0
1097;0.3793;171.0;1819.0;14.0;1.0;38664.0;0.1429;0.1161;4.7606;0.0
1098;0.3793;171.0;1819.0;14.0;1.0;56255.0;0.1429;0.1161;4.7606;0.0
1099;0.0857;11030.0;5561.0;32.0;1.0;37789.0;0.1333;0.2399;6.4846;0.0
1100;0.1109;15199.0;2200.0;17.0;1.0;48692.0;0.25;0.186;5.5497;0.0
1101;0.2082;81.0;12826.0;41.0;1.0;37789.0;0.8462;0.2778;-0.0;0.0
1102;0.2597;117.0;17609.0;56.0;1.0;37789.0;0.8333;0.2778;-0.0;0.0
1103;0.4603;177.0;17019.0;92.0;1.0;37789.0;0.8462;0.2778;-0.0;0.0
1104;0.503;97.0;20244.0;53.0;1.0;37789.0;0.8333;0.2778;-0.0;0.0
1105;0.587;159.0;28276.0;84.0;1.0;37789.0;0.8462;0.2778;-0.0;0.0
1106;0.5715;141.0;26190.0;75.0;1.0;37789.0;0.8333;0.2778;-0.0;0.0
1107;1.0;9465.0;629.0;4.0;1.0;48692.0;0.1429;0.1617;4.6439;0.0
1108;0.2772;0.0;162.0;1.0;1.0;37789.0;0.2;0.234;3.3219;0.0
1109;0.2506;120915.0;1424.0;10.0;1.0;57044.0;0.1765;0.2783;2.8464;0.0
1110;0.2772;107.0;592.0;2.0;1.0;38664.0;0.2941;0.3314;3.4594;0.0
1111;0.2432;39.0;1652.0;7.0;1.0;38664.0;0.2857;0.3245;4.3673;0.0
1112;0.2772;0.0;150.0;1.0;1.0;38664.0;0.3077;0.2857;2.585;0.0
1113;0.0851;120714.0;3878.0;16.0;1.0;57044.0;0.1429;0.4552;4.8155;0.0
1114;0.2772;0.0;173.0;1.0;1.0;35852.0;0.2;0.1707;2.8074;0.0
1115;0.2772;0.0;173.0;1.0;1.0;52490.0;0.2;0.1707;2.8074;0.0
1116;0.0327;82954.0;13723.0;51.0;1.0;51459.0;0.4167;0.2626;8.8759;0.0
1117;0.2772;0.0;154.0;1.0;1.0;61589.0;0.1429;0.2973;2.5216;0.0
1118;0.0591;17226.0;8188.0;54.0;1.0;48692.0;0.2;0.2651;7.3075;0.0
1119;0.2772;2.0;228.0;2.0;1.0;38664.0;0.1818;0.0;1.0;0.0
1120;0.2772;0.0;153.0;1.0;1.0;37789.0;0.4211;0.1429;1.0;0.0
1121;0.1387;12501.0;1760.0;9.0;1.0;52490.0;0.25;0.2047;6.2335;0.0
1122;0.1387;12501.0;1760.0;9.0;1.0;35852.0;0.25;0.2047;6.2335;0.0
1123;1.0;480.0;980.0;3.0;1.0;38664.0;0.2;0.2575;6.09;0.0
1124;0.1072;11686.0;2176.0;16.0;1.0;48692.0;0.3333;0.2987;5.8077;0.0
1125;0.108;24018.0;3603.0;24.0;1.0;47933.0;0.2;0.2568;6.4522;0.0
1126;0.108;24018.0;4198.0;24.0;1.0;49621.0;0.2;0.2568;6.4522;0.0
1127;0.108;24018.0;4128.0;24.0;1.0;65124.0;0.2;0.2568;6.4522;0.0
1128;0.2772;0.0;136.0;1.0;1.0;37789.0;0.65;0.0;-0.0;0.0
1129;1.0;104259.0;384.0;3.0;1.0;38944.0;0.2727;0.4386;2.585;0.0
1130;1.0;104259.0;384.0;3.0;1.0;54711.0;0.2727;0.4386;2.585;0.0
1131;1.0;104259.0;384.0;3.0;1.0;49621.0;0.2727;0.4386;2.585;0.0
1132;1.0;104259.0;384.0;3.0;1.0;57653.0;0.2727;0.4386;2.585;0.0
1133;1.0;104259.0;384.0;3.0;1.0;38060.0;0.2727;0.4386;2.585;0.0
1134;1.0;104259.0;384.0;3.0;1.0;35852.0;0.2727;0.4386;2.585;0.0
1135;1.0;104259.0;384.0;3.0;1.0;48692.0;0.2727;0.4386;2.585;0.0
1136;1.0;104259.0;384.0;3.0;1.0;5135.0;0.2727;0.4386;2.585;0.0
1137;1.0;104259.0;384.0;3.0;1.0;49424.0;0.2727;0.4386;2.585;0.0
1138;0.2772;0.0;123.0;1.0;1.0;57044.0;0.1333;0.0;-0.0;0.0
1139;0.2772;0.0;127.0;1.0;1.0;37789.0;0.2;0.0;-0.0;0.0
1140;0.2772;10319.0;346.0;2.0;1.0;37789.0;0.4;0.2857;-0.0;0.0
1141;1.0;320.0;570.0;4.0;1.0;38664.0;0.1667;0.5525;4.5327;0.0
1142;0.1712;1445.0;11712.0;71.0;1.0;48997.0;0.125;0.1213;7.2808;0.0
1143;0.265;1445.0;9631.0;60.0;1.0;2994.0;0.125;0.1244;7.3343;0.0
1144;0.265;1445.0;9675.0;60.0;1.0;52972.0;0.125;0.1244;7.3343;0.0
1145;0.265;1445.0;9686.0;60.0;1.0;47698.0;0.125;0.1244;7.3343;0.0
1146;0.2772;1207.0;296.0;2.0;1.0;56245.0;0.1538;0.2697;2.585;0.0
1147;0.2772;1207.0;296.0;2.0;1.0;61589.0;0.1538;0.2697;2.585;0.0
1148;0.3184;8861.0;846.0;6.0;1.0;60330.0;0.1667;0.1403;4.5661;0.0
1149;0.3874;60.0;712.0;5.0;1.0;60330.0;0.5333;0.1461;4.1867;0.0
1150;0.3215;283.0;878.0;6.0;1.0;43805.0;0.1429;0.1596;4.5327;0.0
1151;0.3215;283.0;878.0;6.0;1.0;38664.0;0.1429;0.1596;4.5327;0.0
1152;0.3215;283.0;878.0;6.0;1.0;56255.0;0.1429;0.1596;4.5327;0.0
1153;0.1096;3895.0;2271.0;15.0;1.0;38664.0;0.2;0.1871;5.3875;0.0
1154;1.0;21.0;401.0;3.0;1.0;38664.0;0.1429;0.1071;2.9477;0.0
1155;0.2772;0.0;125.0;1.0;1.0;5135.0;0.1538;0.5;1.0;0.0
1156;0.0393;121122.0;8084.0;66.0;1.0;38664.0;0.4;0.3418;6.2572;0.0
1157;0.3498;74646.0;1014.0;6.0;1.0;47933.0;0.1429;0.1933;5.2776;0.0
1158;0.3498;74646.0;1014.0;6.0;1.0;49621.0;0.1429;0.1933;5.2776;0.0
1159;0.3498;74646.0;1014.0;6.0;1.0;65124.0;0.1429;0.1933;5.2776;0.0
1160;0.2772;6.0;257.0;2.0;1.0;52490.0;0.1765;0.4583;1.0;0.0
1161;0.2772;6.0;257.0;2.0;1.0;35852.0;0.1765;0.4583;1.0;0.0
1162;0.2772;15.0;256.0;2.0;1.0;37789.0;0.1765;0.1429;1.0;0.0
1163;0.1223;862.0;1929.0;14.0;1.0;47933.0;0.1875;0.2272;5.109;0.0
1164;0.1223;862.0;1988.0;14.0;1.0;49621.0;0.1875;0.2272;5.109;0.0
1165;0.1223;862.0;1929.0;14.0;1.0;65124.0;0.1875;0.2272;5.109;0.0
1166;0.214;114911.0;1497.0;8.0;1.0;38664.0;0.25;0.178;5.9904;0.0
1167;0.1962;2542.0;1219.0;7.0;1.0;52490.0;0.4706;0.1479;5.1719;0.0
1168;0.1962;2542.0;1219.0;7.0;1.0;35852.0;0.4706;0.1479;5.1719;0.0
1169;0.2786;5544.0;1692.0;10.0;1.0;53222.0;0.2;0.1984;5.983;0.0
1170;0.2786;5544.0;1692.0;10.0;1.0;48692.0;0.2;0.1984;5.983;0.0
1171;0.2952;72551.0;723.0;6.0;1.0;53222.0;0.2;0.1705;4.1699;0.0
1172;0.3064;1950.0;1051.0;7.0;1.0;37789.0;0.3;0.1603;4.585;0.0
1173;0.2772;0.0;133.0;1.0;1.0;47933.0;0.2;0.0909;1.0;0.0
1174;0.3148;1409.0;765.0;5.0;1.0;37789.0;0.125;0.3696;3.6402;0.0
1175;0.3129;959.0;1586.0;12.0;1.0;53222.0;0.25;0.1997;5.1688;0.0
1176;0.1162;2541.0;1712.0;11.0;1.0;53222.0;0.2727;0.1304;4.6645;0.0
1177;0.0863;6441.0;7491.0;49.0;1.0;53222.0;0.2;0.2727;7.2076;0.0
1178;0.2772;0.0;177.0;1.0;1.0;37789.0;0.2632;0.4615;1.585;0.0
1179;0.2772;7.0;342.0;2.0;1.0;60330.0;0.1364;0.1784;3.5466;0.0
1180;0.2772;0.0;145.0;1.0;1.0;49424.0;0.3333;0.1667;1.0;0.0
1181;1.0;360.0;578.0;3.0;1.0;37789.0;0.15;0.132;3.1699;0.0
1182;0.2772;0.0;166.0;1.0;1.0;35852.0;0.2727;0.28;3.1699;0.0
1183;0.1059;30882.0;2879.0;12.0;1.0;52490.0;0.1875;0.2182;6.667;0.0
1184;0.1059;30882.0;2879.0;12.0;1.0;35852.0;0.1875;0.2182;6.667;0.0
1185;0.0165;83659.0;14980.0;80.0;1.0;37563.0;0.3333;0.3299;7.3425;0.0
1186;0.0165;83659.0;14980.0;80.0;1.0;46894.0;0.3333;0.3299;7.3425;0.0
1187;0.1618;82370.0;1381.0;10.0;1.0;46894.0;0.1667;0.188;5.6793;0.0
1188;1.0;105495.0;467.0;3.0;1.0;49621.0;0.2727;0.1912;2.9477;0.0
1189;1.0;105495.0;467.0;3.0;1.0;47933.0;0.2727;0.1912;2.9477;0.0
1190;0.2772;0.0;236.0;1.0;1.0;52490.0;0.5333;0.2083;3.3219;0.0
1191;0.2772;0.0;236.0;1.0;1.0;35852.0;0.5333;0.2083;3.3219;0.0
1192;1.0;68224.0;404.0;3.0;1.0;53222.0;0.3333;0.4143;2.585;0.0
1193;0.2772;0.0;114.0;1.0;1.0;46894.0;0.2;0.0;-0.0;0.0
1194;0.2772;0.0;114.0;1.0;1.0;37563.0;0.2;0.0;-0.0;0.0
1195;0.2772;0.0;132.0;1.0;1.0;37789.0;0.4667;0.0;-0.0;0.0
1196;0.3196;1902.0;743.0;5.0;1.0;37789.0;0.2273;0.1608;3.7736;0.0
1197;0.2772;0.0;790.0;1.0;1.0;43805.0;0.4286;0.087;1.585;0.0
1198;0.2772;0.0;790.0;1.0;1.0;43805.0;0.3333;0.087;1.585;0.0
1199;0.2772;0.0;790.0;1.0;1.0;43805.0;0.1429;0.087;1.585;0.0
1200;0.2772;0.0;790.0;1.0;1.0;43805.0;0.4286;0.087;1.585;0.0
1201;0.2772;0.0;790.0;1.0;1.0;43805.0;0.3636;0.087;1.585;0.0
1202;0.2772;0.0;790.0;1.0;1.0;43805.0;0.3636;0.087;1.585;0.0
1203;0.2772;0.0;790.0;1.0;1.0;43805.0;0.2353;0.087;1.585;0.0
1204;0.2772;0.0;790.0;1.0;1.0;43805.0;0.5;0.087;1.585;0.0
1205;0.2772;0.0;790.0;1.0;1.0;38664.0;0.4286;0.087;1.585;0.0
1206;0.2772;0.0;790.0;1.0;1.0;38664.0;0.3333;0.087;1.585;0.0
1207;0.2772;0.0;790.0;1.0;1.0;38664.0;0.1429;0.087;1.585;0.0
1208;0.2772;0.0;790.0;1.0;1.0;38664.0;0.4286;0.087;1.585;0.0
1209;0.2772;0.0;790.0;1.0;1.0;38664.0;0.3636;0.087;1.585;0.0
1210;0.2772;0.0;790.0;1.0;1.0;38664.0;0.3636;0.087;1.585;0.0
1211;0.2772;0.0;790.0;1.0;1.0;38664.0;0.2353;0.087;1.585;0.0
1212;0.2772;0.0;790.0;1.0;1.0;38664.0;0.5;0.087;1.585;0.0
1213;0.2772;0.0;790.0;1.0;1.0;56255.0;0.4286;0.087;1.585;0.0
1214;0.2772;0.0;790.0;1.0;1.0;56255.0;0.3333;0.087;1.585;0.0
1215;0.2772;0.0;790.0;1.0;1.0;56255.0;0.1429;0.087;1.585;0.0
1216;0.2772;0.0;790.0;1.0;1.0;56255.0;0.4286;0.087;1.585;0.0
1217;0.2772;0.0;790.0;1.0;1.0;56255.0;0.3636;0.087;1.585;0.0
1218;0.2772;0.0;790.0;1.0;1.0;56255.0;0.3636;0.087;1.585;0.0
1219;0.2772;0.0;790.0;1.0;1.0;56255.0;0.2353;0.087;1.585;0.0
1220;0.2772;0.0;790.0;1.0;1.0;56255.0;0.5;0.087;1.585;0.0
1221;0.2772;0.0;376.0;1.0;1.0;43805.0;0.4;0.087;1.585;0.0
1222;0.2772;0.0;376.0;1.0;1.0;43805.0;0.4545;0.087;1.585;0.0
1223;0.2772;0.0;376.0;1.0;1.0;43805.0;0.2941;0.087;1.585;0.0
1224;0.2772;0.0;376.0;1.0;1.0;43805.0;0.2667;0.087;1.585;0.0
1225;0.2772;0.0;376.0;1.0;1.0;38664.0;0.4;0.087;1.585;0.0
1226;0.2772;0.0;376.0;1.0;1.0;38664.0;0.4545;0.087;1.585;0.0
1227;0.2772;0.0;376.0;1.0;1.0;38664.0;0.2941;0.087;1.585;0.0
1228;0.2772;0.0;376.0;1.0;1.0;38664.0;0.2667;0.087;1.585;0.0
1229;0.2772;0.0;376.0;1.0;1.0;56255.0;0.4;0.087;1.585;0.0
1230;0.2772;0.0;376.0;1.0;1.0;56255.0;0.4545;0.087;1.585;0.0
1231;0.2772;0.0;376.0;1.0;1.0;56255.0;0.2941;0.087;1.585;0.0
1232;0.2772;0.0;376.0;1.0;1.0;56255.0;0.2667;0.087;1.585;0.0
1233;0.2772;0.0;120.0;1.0;1.0;38664.0;0.25;0.0;-0.0;0.0
1234;1.0;13962.0;1316.0;4.0;1.0;52490.0;0.5333;0.225;5.5131;0.0
1235;1.0;13962.0;1316.0;4.0;1.0;35852.0;0.5333;0.225;5.5131;0.0
1236;0.2896;3695.0;1125.0;7.0;1.0;37789.0;0.1333;0.2325;3.9069;0.0
1237;0.0664;46818.0;3207.0;19.0;1.0;37789.0;0.4737;0.1845;6.333;0.0
1238;0.2772;3.0;260.0;2.0;1.0;60330.0;0.2308;0.6;3.3219;0.0
1239;0.3609;4047.0;2119.0;13.0;1.0;37789.0;0.2381;0.422;4.6956;0.0
1240;0.2772;0.0;161.0;1.0;1.0;38664.0;0.3333;0.1176;1.585;0.0
1241;0.293;56568.0;702.0;5.0;1.0;39095.0;0.1667;0.3127;1.8113;0.0
1242;0.2772;11.0;283.0;2.0;1.0;35852.0;0.5556;0.1;3.4183;0.0
1243;0.2772;11.0;283.0;2.0;1.0;52490.0;0.5556;0.1;3.4183;0.0
1244;1.0;82765.0;478.0;3.0;1.0;38944.0;0.1429;0.2161;4.5639;0.0
1245;0.2772;0.0;125.0;1.0;1.0;37789.0;0.2308;0.0;-0.0;0.0
1246;1.0;98546.0;404.0;3.0;1.0;38944.0;0.1429;0.3922;3.0;0.0
1247;1.0;98546.0;368.0;3.0;1.0;46172.0;0.1429;0.3922;3.0;0.0
1248;1.0;98546.0;404.0;3.0;1.0;65124.0;0.1429;0.3922;3.0;0.0
1249;1.0;98546.0;404.0;3.0;1.0;61589.0;0.1429;0.3922;3.0;0.0
1250;1.0;98546.0;404.0;3.0;1.0;60953.0;0.1429;0.3922;3.0;0.0
1251;0.0297;6564.0;10722.0;76.0;1.0;37789.0;0.2308;0.2232;6.7849;0.0
1252;1.0;3565.0;421.0;3.0;1.0;37789.0;0.2308;0.1473;3.1219;0.0
1253;0.2772;81027.0;321.0;2.0;1.0;38944.0;0.0952;0.5;3.4714;0.0
1254;0.2772;81027.0;321.0;2.0;1.0;54711.0;0.0952;0.5;3.4714;0.0
1255;0.2772;81027.0;321.0;2.0;1.0;49621.0;0.0952;0.5;3.4714;0.0
1256;0.2772;81027.0;321.0;2.0;1.0;57653.0;0.0952;0.5;3.4714;0.0
1257;0.2772;81027.0;321.0;2.0;1.0;38060.0;0.0952;0.5;3.4714;0.0
1258;0.2772;81027.0;321.0;2.0;1.0;35852.0;0.0952;0.5;3.4714;0.0
1259;0.2772;81027.0;321.0;2.0;1.0;48692.0;0.0952;0.5;3.4714;0.0
1260;0.2772;81027.0;321.0;2.0;1.0;5135.0;0.0952;0.5;3.4714;0.0
1261;0.2772;81027.0;321.0;2.0;1.0;49424.0;0.0952;0.5;3.4714;0.0
1262;0.1426;67231.0;2604.0;12.0;1.0;52490.0;0.2727;0.2632;6.9462;0.0
1263;0.1426;67231.0;2604.0;12.0;1.0;35852.0;0.2727;0.2632;6.9462;0.0
1264;0.3839;860.0;3615.0;20.0;1.0;52490.0;0.3333;0.1911;7.2154;0.0
1265;0.3725;860.0;3761.0;21.0;1.0;35852.0;0.3333;0.194;7.2258;0.0
1266;1.0;95.0;582.0;3.0;1.0;52490.0;0.25;0.1982;4.9232;0.0
1267;1.0;95.0;582.0;3.0;1.0;35852.0;0.25;0.1982;4.9232;0.0
1268;0.3742;12346.0;848.0;5.0;1.0;38944.0;0.1538;0.1183;3.6645;0.0
1269;0.2772;0.0;142.0;1.0;1.0;37789.0;0.1765;0.0;-0.0;0.0
1270;0.295;347.0;1217.0;8.0;1.0;41416.0;0.1818;0.1945;5.3639;0.0
1271;0.1017;13643.0;11725.0;46.0;1.0;57701.0;0.3333;0.1564;6.4478;0.0
1272;0.3103;3543.0;680.0;5.0;1.0;38664.0;0.25;0.227;4.7484;0.0
1273;0.2772;0.0;173.0;1.0;1.0;47698.0;0.2778;0.1429;1.0;0.0
1274;0.2772;0.0;173.0;1.0;1.0;2994.0;0.2778;0.1429;1.0;0.0
1275;0.2772;0.0;173.0;1.0;1.0;46518.0;0.2778;0.1429;1.0;0.0
1276;0.2772;0.0;173.0;1.0;1.0;52972.0;0.2778;0.1429;1.0;0.0
1277;0.2772;0.0;173.0;1.0;1.0;48997.0;0.2778;0.1429;1.0;0.0
1278;0.2772;0.0;123.0;1.0;1.0;46518.0;0.2727;0.0;-0.0;0.0
1279;0.2772;0.0;123.0;1.0;1.0;52972.0;0.2727;0.0;-0.0;0.0
1280;1.0;153.0;632.0;4.0;1.0;37789.0;0.2;0.2284;4.1219;0.0
1281;0.2772;17.0;275.0;2.0;1.0;48187.0;0.2;0.1496;2.8074;0.0
1282;0.2772;17.0;275.0;2.0;1.0;37789.0;0.2;0.1496;2.8074;0.0
1283;0.0224;98487.0;8749.0;51.0;1.0;37789.0;0.2;0.2991;7.5527;0.0
1284;0.2772;0.0;303.0;1.0;1.0;37789.0;0.24;0.2892;4.858;0.0
1285;1.0;16.0;441.0;3.0;1.0;52808.0;0.3846;0.1708;2.585;0.0
1286;1.0;16.0;407.0;3.0;1.0;59679.0;0.3846;0.1708;2.585;0.0
1287;1.0;16.0;407.0;3.0;1.0;44024.0;0.3846;0.1708;2.585;0.0
1288;0.0975;3698.0;2375.0;15.0;1.0;37789.0;0.5294;0.2351;6.0766;0.0
1289;0.4381;3297.0;4186.0;20.0;1.0;56740.0;0.4286;0.1529;5.8104;0.0
1290;0.2772;0.0;127.0;1.0;1.0;58564.0;0.2632;0.4286;-0.0;0.0
1291;0.2772;0.0;127.0;1.0;1.0;53037.0;0.2632;0.4286;-0.0;0.0
1292;0.2772;0.0;127.0;1.0;1.0;52790.0;0.2632;0.4286;-0.0;0.0
1293;0.2772;0.0;127.0;1.0;1.0;39997.0;0.2632;0.4286;-0.0;0.0
1294;0.2772;0.0;127.0;1.0;1.0;58608.0;0.2632;0.4286;-0.0;0.0
1295;0.2772;0.0;127.0;1.0;1.0;39185.0;0.2632;0.4286;-0.0;0.0
1296;0.2772;0.0;127.0;1.0;1.0;52874.0;0.2632;0.4286;-0.0;0.0
1297;0.2772;0.0;127.0;1.0;1.0;39038.0;0.2632;0.4286;-0.0;0.0
1298;0.2772;0.0;127.0;1.0;1.0;48411.0;0.2632;0.4286;-0.0;0.0
1299;0.2772;0.0;127.0;1.0;1.0;37924.0;0.2632;0.4286;-0.0;0.0
1300;0.3312;1795.0;1093.0;6.0;1.0;38944.0;0.1176;0.273;5.8414;0.0
1301;0.2085;829.0;3421.0;26.0;1.0;37789.0;0.4;0.2992;5.3403;0.0
1302;0.2322;75239.0;1046.0;8.0;1.0;37789.0;0.2143;0.2192;3.5778;0.0
1303;0.0035;92927.0;72634.0;394.0;1.0;37789.0;0.4545;0.256;8.6601;0.0
1304;1.0;3335.0;651.0;4.0;1.0;52490.0;0.1429;0.1037;4.0374;0.0
1305;1.0;3335.0;651.0;4.0;1.0;35852.0;0.1429;0.1037;4.0374;0.0
1306;0.2772;0.0;141.0;1.0;1.0;57701.0;0.1667;0.1556;2.8074;0.0
1307;0.2772;29.0;317.0;2.0;1.0;37789.0;0.2381;0.2078;3.1699;0.0
1308;1.0;154.0;392.0;3.0;1.0;38664.0;0.2857;0.4722;2.0;0.0
1309;0.0727;5942.0;4061.0;21.0;1.0;37789.0;0.1875;0.2016;6.2579;0.0
1310;0.0066;60794.0;31132.0;166.0;1.0;37789.0;0.2143;0.162;7.9154;0.0
1311;0.0927;8268.0;36541.0;250.0;1.0;57044.0;0.25;0.1951;8.559;0.0
1312;0.2772;69605.0;299.0;2.0;1.0;57044.0;0.1538;0.7946;2.75;0.0
1313;0.2772;27.0;334.0;2.0;1.0;52490.0;0.1538;0.1884;3.4594;0.0
1314;0.2772;27.0;334.0;2.0;1.0;35852.0;0.1538;0.1884;3.4594;0.0
1315;0.0635;8266.0;67231.0;323.0;1.0;57044.0;0.2143;0.1617;8.7138;0.0
1316;0.2772;12.0;287.0;2.0;1.0;37789.0;0.2667;0.0;1.0;0.0
1317;0.1301;2643.0;2799.0;17.0;1.0;37789.0;0.5882;0.1758;6.4737;0.0
1318;0.0743;3722.0;4333.0;22.0;1.0;37789.0;0.2143;0.1957;6.9358;0.0
1319;0.2772;100.0;306.0;2.0;1.0;37789.0;0.3846;0.0769;2.3219;0.0
1320;0.2772;0.0;289.0;1.0;1.0;37789.0;0.5333;0.3025;4.6235;0.0
1321;0.2772;57.0;261.0;2.0;1.0;37789.0;0.5;0.0;1.0;0.0
1322;0.2772;0.0;177.0;1.0;1.0;46217.0;0.3043;0.1852;2.0;0.0
1323;0.2772;0.0;177.0;1.0;1.0;48997.0;0.3043;0.1852;2.0;0.0
1324;0.2772;0.0;177.0;1.0;1.0;2994.0;0.3043;0.1852;2.0;0.0
1325;0.2772;0.0;177.0;1.0;1.0;46518.0;0.3043;0.1852;2.0;0.0
1326;0.2772;0.0;177.0;1.0;1.0;47698.0;0.3043;0.1852;2.0;0.0
1327;0.2772;0.0;131.0;1.0;1.0;37789.0;0.1304;0.0;-0.0;0.0
1328;0.4259;6249.0;2550.0;14.0;1.0;37789.0;0.1429;0.1756;6.2727;0.0
1329;0.2772;0.0;118.0;1.0;1.0;37789.0;0.3333;1.0;-0.0;0.0
1330;0.2772;0.0;128.0;1.0;1.0;52808.0;0.2609;0.0;-0.0;0.0
1331;0.2772;0.0;128.0;1.0;1.0;59679.0;0.2609;0.0;-0.0;0.0
1332;0.2772;0.0;128.0;1.0;1.0;44024.0;0.2609;0.0;-0.0;0.0
1333;0.2772;47.0;429.0;2.0;1.0;52490.0;0.2;0.2133;4.6439;0.0
1334;0.2772;47.0;429.0;2.0;1.0;35852.0;0.2;0.2133;4.6439;0.0
1335;0.4564;2356.0;7542.0;47.0;1.0;37789.0;0.4091;0.2265;7.1368;0.0
1336;1.0;5603.0;942.0;4.0;1.0;52490.0;0.2308;0.2797;4.6235;0.0
1337;1.0;5603.0;942.0;4.0;1.0;35852.0;0.2308;0.2797;4.6235;0.0
1338;0.2772;0.0;138.0;1.0;1.0;43805.0;0.5;0.25;1.0;0.0
1339;0.2772;0.0;138.0;1.0;1.0;56255.0;0.5;0.25;1.0;0.0
1340;0.2772;0.0;129.0;1.0;1.0;33894.0;0.2;0.1111;1.0;0.0
1341;0.2772;0.0;121.0;1.0;1.0;53222.0;0.2308;0.0;-0.0;0.0
1342;0.3109;319.0;782.0;5.0;1.0;52808.0;0.1579;0.0635;3.1699;0.0
1343;0.3109;319.0;782.0;5.0;1.0;59679.0;0.1579;0.0635;3.1699;0.0
1344;0.3109;319.0;782.0;5.0;1.0;44024.0;0.1579;0.0635;3.1699;0.0
1345;1.0;6151.0;469.0;3.0;1.0;37789.0;0.2727;0.4365;1.0;0.0
1346;0.2234;23140.0;1541.0;11.0;1.0;48692.0;0.2;0.2561;5.9733;0.0
1347;1.0;39.0;457.0;3.0;1.0;37789.0;0.1579;0.0606;2.0;0.0
1348;0.2772;0.0;149.0;1.0;1.0;46217.0;0.1579;0.0;-0.0;0.0
1349;0.2772;0.0;149.0;1.0;1.0;46518.0;0.1579;0.0;-0.0;0.0
1350;0.2772;471.0;264.0;2.0;1.0;52808.0;0.3684;0.0;-0.0;0.0
1351;0.2772;471.0;264.0;2.0;1.0;59679.0;0.3684;0.0;-0.0;0.0
1352;0.2772;471.0;264.0;2.0;1.0;44024.0;0.3684;0.0;-0.0;0.0
1353;0.4859;777.0;1296.0;6.0;1.0;38944.0;0.1429;0.209;6.3831;0.0
1354;0.4859;777.0;1296.0;6.0;1.0;55954.0;0.1429;0.209;6.3831;0.0
1355;0.4859;777.0;1296.0;6.0;1.0;41416.0;0.1429;0.209;6.3831;0.0
1356;0.0536;20641.0;5322.0;36.0;1.0;38944.0;0.2727;0.2441;7.1767;0.0
1357;0.0513;32677.0;5562.0;38.0;1.0;55954.0;0.2727;0.2387;7.2233;0.0
1358;0.0513;32677.0;5562.0;38.0;1.0;41416.0;0.2727;0.2387;7.2233;0.0
1359;0.2772;0.0;146.0;1.0;1.0;37789.0;0.2381;0.5;-0.0;0.0
1360;0.1082;37421.0;2056.0;12.0;1.0;37789.0;0.2381;0.3626;5.5995;0.0
1361;0.2513;217.0;1032.0;7.0;1.0;45225.0;0.6667;0.3792;5.1719;0.0
1362;0.2513;217.0;1032.0;7.0;1.0;52808.0;0.6667;0.3792;5.1719;0.0
1363;0.2513;217.0;1032.0;7.0;1.0;59679.0;0.6667;0.3792;5.1719;0.0
1364;0.2101;217.0;1395.0;10.0;1.0;36639.0;0.6667;0.5655;5.1007;0.0
1365;0.2772;0.0;144.0;1.0;1.0;33082.0;0.2632;0.7619;1.0;0.0
1366;0.2772;0.0;144.0;1.0;1.0;33188.0;0.2632;0.7619;1.0;0.0
1367;0.0575;14851.0;8203.0;44.0;1.0;37789.0;0.2632;0.2853;6.9828;0.0
1368;0.0334;49554.0;26593.0;134.0;1.0;38944.0;0.1429;0.206;8.3802;0.0
1369;0.282;506.0;2357.0;18.0;1.0;37789.0;0.2308;0.1233;5.0615;0.0
1370;0.0807;8526.0;12470.0;81.0;1.0;51205.0;0.4667;0.2091;7.4848;0.0
1371;0.428;151.0;783.0;6.0;1.0;37789.0;0.25;0.3649;3.75;0.0
1372;0.5547;7927.0;859.0;6.0;1.0;37789.0;0.15;0.1733;3.3736;0.0
1373;0.0437;13400.0;13713.0;85.0;1.0;51205.0;0.1667;0.1581;7.5844;0.0
1374;0.2772;0.0;143.0;1.0;1.0;47933.0;0.2;0.0769;1.0;0.0
1375;0.2772;0.0;143.0;1.0;1.0;49621.0;0.2;0.0769;1.0;0.0
1376;0.2772;0.0;143.0;1.0;1.0;65124.0;0.2;0.0769;1.0;0.0
1377;0.1799;3606.0;6024.0;39.0;1.0;38664.0;0.4444;0.2354;7.181;0.0
1378;0.2772;0.0;160.0;1.0;1.0;37789.0;0.1875;0.2632;2.3219;0.0
1379;1.0;773.0;731.0;3.0;1.0;52808.0;0.2381;0.1895;4.1699;0.0
1380;1.0;773.0;731.0;3.0;1.0;59679.0;0.2381;0.1895;4.1699;0.0
1381;1.0;773.0;731.0;3.0;1.0;44024.0;0.2381;0.1895;4.1699;0.0
1382;0.0708;19719.0;6358.0;42.0;1.0;37789.0;0.2273;0.1999;6.7752;0.0
1383;0.2772;0.0;147.0;1.0;1.0;46217.0;0.2941;0.2857;-0.0;0.0
1384;0.2772;0.0;147.0;1.0;1.0;46518.0;0.2941;0.2857;-0.0;0.0
1385;0.0696;49491.0;3742.0;22.0;1.0;37789.0;0.1333;0.2382;5.9199;0.0
1386;0.2772;0.0;150.0;1.0;1.0;37789.0;0.2941;0.3;1.0;0.0
1387;0.0067;60447.0;30725.0;171.0;1.0;37789.0;0.2727;0.2521;8.2174;0.0
1388;1.0;11758.0;550.0;4.0;1.0;37789.0;0.1579;0.1124;2.7255;0.0
1389;0.1907;9131.0;1038.0;7.0;1.0;41416.0;0.2727;0.2619;4.6281;0.0
1390;0.1907;9131.0;1038.0;7.0;1.0;61589.0;0.2727;0.2619;4.6281;0.0
1391;0.7592;91.0;868.0;6.0;1.0;51046.0;0.0952;0.3499;3.8074;0.0
1392;0.7592;91.0;868.0;6.0;1.0;33188.0;0.0952;0.3499;3.8074;0.0
1393;0.7592;91.0;970.0;6.0;1.0;33082.0;0.0952;0.3499;3.8074;0.0
1394;0.2772;0.0;117.0;1.0;1.0;52808.0;0.2727;0.2727;1.0;0.0
1395;0.2772;0.0;117.0;1.0;1.0;59679.0;0.2727;0.2727;1.0;0.0
1396;1.0;1.0;716.0;3.0;1.0;49621.0;0.1579;0.3106;4.3737;0.0
1397;0.2056;20751.0;2801.0;18.0;1.0;41416.0;0.2222;0.2539;6.0261;0.0
1398;0.2056;20751.0;2801.0;18.0;1.0;61589.0;0.2222;0.2539;6.0261;0.0
1399;0.3671;1554.0;809.0;5.0;1.0;51205.0;0.1364;0.1652;4.2971;0.0
1400;0.0712;12440.0;52065.0;295.0;1.0;37789.0;0.3846;0.2466;8.5318;0.0
1401;0.293;13249.0;653.0;5.0;1.0;43805.0;0.4444;0.4462;3.5216;0.0
1402;0.293;13249.0;653.0;5.0;1.0;38664.0;0.4444;0.4462;3.5216;0.0
1403;0.293;13249.0;653.0;5.0;1.0;56255.0;0.4444;0.4462;3.5216;0.0
1404;0.7648;22.0;2409.0;10.0;1.0;51205.0;0.2941;0.3712;6.887;0.0
1405;0.2772;7.0;291.0;2.0;1.0;48692.0;0.2308;0.3519;3.1219;0.0
1406;0.3174;2321.0;3584.0;20.0;1.0;41416.0;0.4;0.2341;6.7857;0.0
1407;0.3174;2321.0;3643.0;20.0;1.0;61589.0;0.4;0.2341;6.7857;0.0
1408;0.2772;0.0;119.0;1.0;1.0;56740.0;0.1667;0.0;-0.0;0.0
1409;0.2772;4.0;274.0;2.0;1.0;37789.0;0.2;0.2361;2.585;0.0
1410;0.1755;8200.0;1254.0;10.0;1.0;38664.0;0.4444;0.3177;4.6235;0.0
1411;0.1996;6934.0;3925.0;25.0;1.0;61589.0;0.2667;0.2084;5.8888;0.0
1412;0.1996;6934.0;3827.0;25.0;1.0;41416.0;0.2667;0.2084;5.8888;0.0
1413;0.3235;1918.0;14652.0;79.0;1.0;37789.0;0.2083;0.2179;7.5335;0.0
1414;0.2772;81.0;290.0;2.0;1.0;37789.0;0.5714;0.5;1.0;0.0
1415;0.2772;0.0;194.0;1.0;1.0;56740.0;0.2308;0.1948;3.875;0.0
1416;0.0084;13863.0;50496.0;227.0;1.0;37789.0;0.45;0.2175;8.8706;0.0
1417;0.0422;6335.0;23707.0;125.0;1.0;37789.0;0.2;0.1816;7.7322;0.0
1418;0.0988;31311.0;4631.0;28.0;1.0;37789.0;0.4;0.1821;7.0227;0.0
1419;0.2833;790.0;2588.0;18.0;1.0;37789.0;0.3333;0.1653;5.5627;0.0
1420;0.2772;0.0;161.0;1.0;1.0;38944.0;0.1667;0.186;2.8074;0.0
1421;0.2135;10143.0;4289.0;29.0;1.0;41416.0;0.2353;0.267;6.5016;0.0
1422;0.2135;10143.0;4289.0;29.0;1.0;61589.0;0.2353;0.267;6.5016;0.0
1423;0.2772;31.0;474.0;2.0;1.0;38944.0;0.2308;0.2081;3.4594;0.0
1424;0.2772;31.0;474.0;2.0;1.0;55954.0;0.2308;0.2081;3.4594;0.0
1425;0.2772;31.0;474.0;2.0;1.0;41416.0;0.2308;0.2081;3.4594;0.0
1426;0.045;11892.0;7650.0;47.0;1.0;37789.0;0.1667;0.2059;6.936;0.0
1427;0.2945;7338.0;2202.0;9.0;1.0;50992.0;0.3333;0.2257;6.4569;0.0
1428;0.2772;0.0;123.0;1.0;1.0;57044.0;0.1765;0.1667;-0.0;0.0
1429;0.0746;15611.0;8154.0;43.0;1.0;37789.0;0.1765;0.2037;7.1913;0.0
1430;0.2772;0.0;120.0;1.0;1.0;57044.0;0.1667;0.1667;1.0;0.0
1431;0.2772;2072.0;323.0;2.0;1.0;37789.0;0.5;0.1394;2.585;0.0
1432;0.1968;804.0;1229.0;8.0;1.0;37789.0;0.3333;0.1316;4.5016;0.0
1433;0.3275;1171.0;1911.0;14.0;1.0;61589.0;0.3333;0.1868;5.5433;0.0
1434;0.3275;1171.0;1911.0;14.0;1.0;41416.0;0.3333;0.1868;5.5433;0.0
1435;0.2772;0.0;114.0;1.0;1.0;58564.0;0.3333;0.0;-0.0;0.0
1436;0.2772;0.0;114.0;1.0;1.0;53037.0;0.3333;0.0;-0.0;0.0
1437;0.2772;0.0;114.0;1.0;1.0;52790.0;0.3333;0.0;-0.0;0.0
1438;0.2772;0.0;114.0;1.0;1.0;39997.0;0.3333;0.0;-0.0;0.0
1439;0.2772;0.0;114.0;1.0;1.0;58608.0;0.3333;0.0;-0.0;0.0
1440;0.2772;0.0;114.0;1.0;1.0;39185.0;0.3333;0.0;-0.0;0.0
1441;0.2772;0.0;114.0;1.0;1.0;52874.0;0.3333;0.0;-0.0;0.0
1442;0.2772;0.0;114.0;1.0;1.0;39038.0;0.3333;0.0;-0.0;0.0
1443;0.2772;0.0;114.0;1.0;1.0;48411.0;0.3333;0.0;-0.0;0.0
1444;0.2772;0.0;114.0;1.0;1.0;37924.0;0.3333;0.0;-0.0;0.0
1445;0.2782;2357.0;10610.0;78.0;1.0;37789.0;0.3333;0.1827;7.3309;0.0
1446;0.0648;8144.0;4207.0;27.0;1.0;37789.0;0.2308;0.2393;6.5642;0.0
1447;0.7043;661.0;961.0;6.0;1.0;49424.0;0.5556;0.2652;5.3931;0.0
1448;0.586;16575.0;849.0;6.0;1.0;41416.0;0.2667;0.0958;4.1699;0.0
1449;0.586;16575.0;849.0;6.0;1.0;61589.0;0.2667;0.0958;4.1699;0.0
1450;0.2246;656.0;2304.0;12.0;1.0;38944.0;0.4;0.3707;5.092;0.0
1451;0.2246;656.0;2101.0;12.0;1.0;46172.0;0.4;0.3707;5.092;0.0
1452;0.2246;656.0;2245.0;12.0;1.0;65124.0;0.4;0.3707;5.092;0.0
1453;0.2246;656.0;2245.0;12.0;1.0;61589.0;0.4;0.3707;5.092;0.0
1454;0.2246;656.0;2245.0;12.0;1.0;60953.0;0.4;0.3707;5.092;0.0
1455;0.2028;1015.0;2678.0;15.0;1.0;61589.0;0.2727;0.2101;6.4744;0.0
1456;0.2028;1015.0;2678.0;15.0;1.0;60953.0;0.2727;0.2101;6.4744;0.0
1457;0.2028;1015.0;2678.0;15.0;1.0;38944.0;0.2727;0.2101;6.4744;0.0
1458;0.2028;1015.0;2498.0;15.0;1.0;46172.0;0.2727;0.2101;6.4744;0.0
1459;0.2992;1083.0;4536.0;20.0;1.0;52490.0;0.5;0.2452;7.1497;0.0
1460;0.2992;1083.0;4536.0;20.0;1.0;35852.0;0.5;0.2452;7.1497;0.0
1461;0.4682;775.0;1886.0;12.0;1.0;52490.0;0.25;0.3202;5.4404;0.0
1462;0.4682;775.0;1886.0;12.0;1.0;35852.0;0.25;0.3202;5.4404;0.0
1463;0.0446;9467.0;26119.0;153.0;1.0;37789.0;0.1429;0.1573;7.6963;0.0
1464;0.2772;0.0;130.0;1.0;1.0;47698.0;0.1667;0.0;-0.0;0.0
1465;0.2772;0.0;130.0;1.0;1.0;4131.0;0.1667;0.0;-0.0;0.0
1466;0.2772;0.0;130.0;1.0;1.0;46518.0;0.1667;0.0;-0.0;0.0
1467;0.2772;0.0;130.0;1.0;1.0;46217.0;0.1667;0.0;-0.0;0.0
1468;0.2772;1.0;260.0;2.0;1.0;48997.0;0.1667;0.0;-0.0;0.0
1469;0.2772;0.0;134.0;1.0;1.0;37789.0;0.3889;0.0;-0.0;0.0
1470;0.4059;335.0;1884.0;11.0;1.0;37789.0;0.1429;0.1447;4.9267;0.0
1471;0.1795;9995.0;36676.0;219.0;1.0;37789.0;0.4091;0.1889;8.4364;0.0
1472;0.2772;0.0;293.0;1.0;1.0;37789.0;0.6667;0.2892;4.858;0.0
1473;0.2772;0.0;141.0;1.0;1.0;37789.0;0.3125;0.0;-0.0;0.0
1474;0.6398;1693.0;1220.0;5.0;1.0;37789.0;0.2381;0.2802;5.5271;0.0
1475;0.1194;10673.0;2521.0;15.0;1.0;37789.0;0.1875;0.2401;5.6067;0.0
1476;0.2772;0.0;124.0;1.0;1.0;52490.0;0.2308;0.0;-0.0;0.0
1477;0.2772;0.0;124.0;1.0;1.0;35852.0;0.2308;0.0;-0.0;0.0
1478;0.2963;7294.0;793.0;6.0;1.0;37789.0;0.2143;0.1334;3.9069;0.0
1479;0.2772;0.0;212.0;1.0;1.0;52490.0;0.1111;0.4744;3.3219;0.0
1480;0.2772;0.0;212.0;1.0;1.0;35852.0;0.1111;0.4744;3.3219;0.0
1481;0.2772;0.0;142.0;1.0;1.0;37789.0;0.2143;0.0;-0.0;0.0
1482;0.4724;394.0;986.0;6.0;1.0;37789.0;0.5;0.1976;5.0809;0.0
1483;0.2772;125.0;277.0;2.0;1.0;37789.0;0.7647;0.1;2.3219;0.0
1484;0.1637;7856.0;1639.0;11.0;1.0;37789.0;0.15;0.1469;4.2508;0.0
1485;0.2772;0.0;128.0;1.0;1.0;58564.0;0.5556;0.0;-0.0;0.0
1486;0.2772;0.0;128.0;1.0;1.0;53037.0;0.5556;0.0;-0.0;0.0
1487;0.2772;0.0;128.0;1.0;1.0;52790.0;0.5556;0.0;-0.0;0.0
1488;0.2772;0.0;128.0;1.0;1.0;39997.0;0.5556;0.0;-0.0;0.0
1489;0.2772;0.0;128.0;1.0;1.0;58608.0;0.5556;0.0;-0.0;0.0
1490;0.2772;0.0;128.0;1.0;1.0;39185.0;0.5556;0.0;-0.0;0.0
1491;0.2772;0.0;128.0;1.0;1.0;52874.0;0.5556;0.0;-0.0;0.0
1492;0.2772;0.0;128.0;1.0;1.0;48411.0;0.5556;0.0;-0.0;0.0
1493;0.2772;0.0;128.0;1.0;1.0;37924.0;0.5556;0.0;-0.0;0.0
1494;0.5871;59.0;1320.0;6.0;1.0;39038.0;0.5556;0.0;-0.0;0.0
1495;0.2772;0.0;123.0;1.0;1.0;37789.0;0.4;0.2857;1.0;0.0
1496;0.2772;0.0;393.0;1.0;1.0;38664.0;0.5333;0.284;4.858;0.0
1497;0.2772;0.0;1264.0;2.0;1.0;37789.0;0.5333;0.2861;4.8925;0.0
1498;0.2062;2328.0;7437.0;39.0;1.0;37789.0;0.2308;0.2058;7.0163;0.0
1499;0.3288;1501.0;2865.0;9.0;1.0;37789.0;0.6471;0.2107;6.2584;0.0
1500;0.4139;782.0;4009.0;25.0;1.0;37789.0;0.2857;0.2432;6.3405;0.0
