;periodicity;duration;pkt_size;msg_count;src_ports_count;dst_port;malicious
0;0.998;64833.0;2529;19;1;41124;1
1;1.0;104400.0;772;6;1;58356;1
2;0.9999;79200.0;2955;23;1;38992;1
3;0.9999;75600.0;2831;22;1;57990;1
4;0.7522;39593.0;1413;11;1;49076;1
5;0.9999;14392.0;643;5;1;58458;1
6;0.9987;86420.0;3518;25;1;54798;1
7;1.0;10799.0;516;4;1;40328;1
8;0.9999;50400.0;1927;15;1;54760;1
9;0.6985;72000.0;2952;23;1;56626;1
10;0.107;151200.0;2442;19;1;51822;1
11;0.9999;32400.0;1285;10;1;43514;1
12;0.0427;1134000.0;3605;28;1;60622;1
13;0.0436;619200.0;3732;29;1;55770;1
14;0.9999;64800.0;2669;19;1;39922;1
15;0.9999;122400.0;4497;35;1;59582;1
16;0.9999;43200.0;1675;13;1;43878;1
17;1.0;3834.0;386;3;1;59632;1
18;0.0739;496800.0;2187;17;1;46402;1
19;0.9999;32400.0;1287;10;1;46262;1
20;0.9999;17999.0;844;6;1;54809;1
21;0.9999;90000.0;3660;26;1;41501;1
22;0.9999;32400.0;1286;10;1;38992;1
23;0.9999;43200.0;1672;13;1;51054;1
24;0.5915;10801.0;641;5;1;39830;1
25;1.0;7192.0;385;3;1;40964;1
26;1.0;7203.0;386;3;1;55580;1
27;0.9994;14392.0;640;5;1;49076;1
28;0.0223;185416.0;26992;128;1;52490;0
29;0.0223;185416.0;27294;128;1;35852;0
30;0.0338;192102.0;8680;38;1;52490;0
31;0.0338;192102.0;8680;38;1;35852;0
32;0.1472;310057.0;27205;59;1;49621;0
33;0.1415;310057.0;27416;61;1;46172;0
34;0.1415;310057.0;28207;61;1;38060;0
35;0.1415;310057.0;28148;61;1;41272;0
36;0.1415;310057.0;28148;61;1;65124;0
37;0.1415;310057.0;28269;61;1;49424;0
38;0.0394;291400.0;9926;63;1;61589;0
39;0.0376;291400.0;9687;62;1;41416;0
40;0.0046;326381.0;574503;4117;1;47698;0
41;0.0685;224104.0;9849;50;1;35852;0
42;0.0685;224104.0;9849;50;1;52490;0
43;0.943;49406.0;112794;823;1;42852;0
44;0.0065;267316.0;713848;4099;1;2994;0
45;0.1361;300785.0;4067;21;1;52490;0
46;0.1361;300785.0;4126;21;1;35852;0
47;0.0377;311710.0;29038;171;1;37789;0
48;0.0589;29249.0;13485;84;1;37789;0
49;0.058;194415.0;11677;80;1;61589;0
50;0.4977;326200.0;402599;3592;1;33916;0
51;0.018;325756.0;53323;447;1;56255;0
52;0.0221;288532.0;25592;161;1;49424;0
53;0.0279;324371.0;197303;380;1;49621;0
54;0.0281;324371.0;192823;381;1;46172;0
55;0.0281;324371.0;197415;381;1;38060;0
56;0.0281;324371.0;197513;381;1;41272;0
57;0.0279;324371.0;198771;382;1;65124;0
58;0.0281;324371.0;198550;381;1;49424;0
59;0.0197;267639.0;31412;190;1;37789;0
60;0.0258;288203.0;87593;189;1;49621;0
61;0.0251;288203.0;85603;190;1;46172;0
62;0.0251;288203.0;87797;190;1;38060;0
63;0.0251;288203.0;87706;190;1;41272;0
64;0.0251;288203.0;87706;190;1;65124;0
65;0.0251;288203.0;88977;190;1;49424;0
66;0.0371;325211.0;188555;419;1;49621;0
67;0.0385;325211.0;185484;423;1;46172;0
68;0.0381;325211.0;189145;421;1;38060;0
69;0.0381;325211.0;189263;421;1;41272;0
70;0.0379;325211.0;190302;421;1;65124;0
71;0.036;325211.0;192235;425;1;49424;0
72;0.0307;177620.0;13050;80;1;35852;0
73;0.0307;177620.0;13050;80;1;52490;0
74;0.0028;312450.0;92746;507;1;37789;0
75;0.0479;303175.0;126617;217;1;49621;0
76;0.0479;303175.0;124049;217;1;46172;0
77;0.0479;303175.0;126617;217;1;38060;0
78;0.0479;303175.0;126535;217;1;41272;0
79;0.0479;303175.0;127192;217;1;65124;0
80;0.0484;303175.0;127982;218;1;49424;0
81;0.0293;312526.0;277238;425;1;65124;0
82;0.0293;312526.0;277660;425;1;49424;0
83;0.0292;312526.0;274028;420;1;49621;0
84;0.0292;312526.0;269761;422;1;46172;0
85;0.0293;312526.0;277238;425;1;41272;0
86;0.0293;312526.0;277592;425;1;38060;0
87;0.0238;321409.0;85686;550;1;49424;0
88;1.0;5590.0;696;4;1;51459;0
89;0.8529;253384.0;736;6;1;48692;0
90;0.0429;306822.0;121883;240;1;49621;0
91;0.0494;306822.0;119727;242;1;46172;0
92;0.0434;306822.0;123324;243;1;38060;0
93;0.0494;306822.0;122749;242;1;41272;0
94;0.0494;306822.0;122631;242;1;65124;0
95;0.0434;306822.0;123274;243;1;49424;0
96;0.0694;318751.0;79225;181;1;49621;0
97;0.0694;318751.0;77171;181;1;46172;0
98;0.0694;318751.0;79225;181;1;38060;0
99;0.0694;318751.0;79343;181;1;41272;0
100;0.0694;318751.0;81069;181;1;65124;0
101;0.0694;318751.0;81009;181;1;49424;0
102;0.0653;308324.0;108812;191;1;49621;0
103;0.0653;308324.0;106517;191;1;46172;0
104;0.0653;308324.0;108930;191;1;38060;0
105;0.0653;308324.0;108750;191;1;41272;0
106;0.0664;308324.0;108168;189;1;65124;0
107;0.0653;308324.0;109307;191;1;49424;0
108;0.4122;258485.0;1288;11;1;48692;0
109;0.078;312028.0;52880;153;1;65124;0
110;0.078;312028.0;52900;153;1;49424;0
111;0.0793;312028.0;52579;152;1;49621;0
112;0.078;312028.0;50985;153;1;46172;0
113;0.078;312028.0;52821;153;1;41272;0
114;0.078;312028.0;52821;153;1;38060;0
115;0.0382;314883.0;241668;374;1;49621;0
116;0.0386;314883.0;237800;375;1;46172;0
117;0.0386;314883.0;242300;375;1;38060;0
118;0.0386;314883.0;242300;375;1;41272;0
119;0.0386;314883.0;245092;375;1;65124;0
120;0.0387;314883.0;246039;376;1;49424;0
121;0.293;322698.0;670;5;1;37789;0
122;0.0508;325534.0;243590;467;1;65124;0
123;0.0509;325534.0;243795;468;1;49424;0
124;0.0509;325534.0;239725;468;1;49621;0
125;0.0509;325534.0;234420;468;1;46172;0
126;0.0509;325534.0;239666;468;1;41272;0
127;0.0509;325534.0;239666;468;1;38060;0
128;0.0243;258352.0;41223;270;1;52490;0
129;0.0179;258352.0;41542;271;1;35852;0
130;0.021;295519.0;61258;386;1;61589;0
131;0.0212;295519.0;60286;382;1;41416;0
132;0.0349;6209.0;15451;98;1;54658;0
133;0.029;310867.0;292811;426;1;49621;0
134;0.0289;310867.0;288376;428;1;46172;0
135;0.0289;310867.0;293888;428;1;38060;0
136;0.0289;310867.0;293630;428;1;41272;0
137;0.0289;310867.0;296817;428;1;65124;0
138;0.0292;310867.0;297418;429;1;49424;0
139;0.0892;314866.0;31543;70;1;49621;0
140;0.0892;314866.0;30644;70;1;46172;0
141;0.1005;314866.0;31083;69;1;38060;0
142;0.0892;314866.0;31484;70;1;41272;0
143;0.0892;314866.0;31543;70;1;65124;0
144;0.0227;299652.0;23737;127;1;49424;0
145;0.0892;314866.0;31587;70;1;49424;0
146;0.046;309053.0;158952;249;1;49621;0
147;0.044;309053.0;156934;250;1;46172;0
148;0.044;309053.0;159613;250;1;38060;0
149;0.044;309053.0;159613;250;1;41272;0
150;0.044;309053.0;161954;250;1;65124;0
151;0.044;309053.0;161692;250;1;49424;0
152;0.085;306643.0;5559;39;1;41416;0
153;0.085;306643.0;5559;39;1;61589;0
154;0.0329;296706.0;66034;381;1;41416;0
155;0.0294;296706.0;66322;382;1;61589;0
156;0.1995;322892.0;25559;76;1;38944;0
157;0.1995;322892.0;25434;76;1;49621;0
158;0.1995;322892.0;25392;76;1;44718;0
159;0.1995;322892.0;24463;76;1;46172;0
160;0.1995;322892.0;45447;76;1;38060;0
161;0.1995;322892.0;45447;76;1;38060;0
162;0.1995;322892.0;45388;76;1;41272;0
163;0.1995;322892.0;45388;76;1;41272;0
164;0.1995;322892.0;25392;76;1;56245;0
165;0.1995;322892.0;25392;76;1;33916;0
166;0.1995;322892.0;25375;76;1;65124;0
167;0.1995;322892.0;25392;76;1;48692;0
168;0.1995;322892.0;25527;76;1;61589;0
169;0.1995;322892.0;25392;76;1;45746;0
170;0.1995;322892.0;25392;76;1;5135;0
171;0.1995;322892.0;45388;76;1;49424;0
172;0.1995;322892.0;45388;76;1;49424;0
173;0.0515;311190.0;18252;108;1;33894;0
174;0.1055;43427.0;8915;50;1;42852;0
175;0.0482;281138.0;31812;153;1;52490;0
176;0.0482;281138.0;31812;153;1;35852;0
177;0.0473;301018.0;35634;169;1;65124;0
178;0.0473;301018.0;35693;169;1;49621;0
179;0.0474;301018.0;35427;168;1;47933;0
180;0.0234;253023.0;7940;52;1;37789;0
181;0.2471;310509.0;8026;26;1;49621;0
182;0.2471;310509.0;7714;26;1;46172;0
183;0.2471;310509.0;8085;26;1;38060;0
184;0.2471;310509.0;8026;26;1;41272;0
185;0.2471;310509.0;8026;26;1;65124;0
186;0.2471;310509.0;8057;26;1;49424;0
187;0.2012;16896.0;2113;12;1;35852;0
188;0.2012;16896.0;2113;12;1;52490;0
189;0.0784;299094.0;48788;113;1;49621;0
190;0.0784;299094.0;47432;113;1;46172;0
191;0.0784;299094.0;48847;113;1;38060;0
192;0.0784;299094.0;48847;113;1;41272;0
193;0.0784;299094.0;48847;113;1;65124;0
194;0.0784;299094.0;48788;113;1;49424;0
195;0.0173;305997.0;65210;508;1;48997;0
196;0.124;167957.0;4465;31;1;61589;0
197;1.0;205.0;547;4;1;52490;0
198;1.0;205.0;547;4;1;35852;0
199;0.0339;267515.0;10606;78;1;37789;0
200;0.1171;2078.0;1926;13;1;52490;0
201;0.1171;2078.0;1926;13;1;35852;0
202;0.0695;295462.0;23280;114;1;41416;0
203;0.067;295462.0;23352;114;1;61589;0
204;0.0815;320400.0;120307;268;1;41317;0
205;0.0549;193681.0;8647;57;1;43805;0
206;0.0565;193681.0;8495;56;1;38664;0
207;0.0565;193681.0;8495;56;1;56255;0
208;0.0138;22851.0;35770;201;1;52490;0
209;0.0138;22851.0;36160;201;1;35852;0
210;0.0317;261177.0;11106;81;1;38664;0
211;0.0216;38611.0;11831;94;1;38664;0
212;0.1061;172887.0;2121;12;1;52490;0
213;0.1061;172887.0;2121;12;1;35852;0
214;0.0322;269293.0;16199;103;1;37789;0
215;0.0126;267726.0;34242;269;1;38664;0
216;0.0256;308444.0;66122;396;1;41416;0
217;0.0277;308444.0;66299;396;1;61589;0
218;0.1209;298890.0;14745;73;1;41416;0
219;0.1209;298890.0;14864;73;1;61589;0
220;0.0544;306339.0;20466;129;1;33894;0
221;0.0446;39306.0;7827;48;1;42852;0
222;0.1726;305457.0;4028;23;1;52490;0
223;0.1726;305457.0;4028;23;1;35852;0
224;0.0095;292303.0;77013;276;1;41416;0
225;0.0082;292303.0;67450;276;1;61589;0
226;0.049;303492.0;108513;226;1;49621;0
227;0.049;303492.0;105451;226;1;46172;0
228;0.049;303492.0;108513;226;1;38060;0
229;0.049;303492.0;108089;226;1;41272;0
230;0.049;303492.0;108794;226;1;65124;0
231;0.049;303492.0;108970;226;1;49424;0
232;0.012;208641.0;30650;158;1;35852;0
233;0.0122;208641.0;30407;159;1;52490;0
234;0.0206;317136.0;40825;247;1;49424;0
235;0.2979;100742.0;804;5;1;65124;0
236;0.2979;100742.0;804;5;1;61589;0
237;0.2979;100742.0;804;5;1;60953;0
238;0.2979;100742.0;804;5;1;38944;0
239;0.0899;302831.0;4287;34;1;45225;0
240;0.0899;302831.0;4355;34;1;52808;0
241;0.0899;302831.0;4287;34;1;59679;0
242;0.0843;302831.0;4569;36;1;36639;0
243;0.0514;305512.0;18600;90;1;49424;0
244;0.3447;2950.0;1226;8;1;52490;0
245;0.3447;2950.0;1226;8;1;35852;0
246;0.148;302322.0;2544;18;1;36639;0
247;0.1484;302322.0;2444;17;1;52808;0
248;0.1484;302322.0;2410;17;1;59679;0
249;0.1484;302322.0;2410;17;1;45225;0
250;0.4156;739.0;948;6;1;52490;0
251;0.4156;739.0;948;6;1;35852;0
252;0.02;278345.0;12525;74;1;41416;0
253;0.02;278345.0;12584;74;1;61589;0
254;0.0304;280306.0;13499;77;1;41416;0
255;0.03;280306.0;13394;76;1;61589;0
256;0.0413;310594.0;28172;197;1;38944;0
257;0.0413;310594.0;26168;197;1;46172;0
258;0.0413;310594.0;28532;197;1;65124;0
259;0.0413;310594.0;28126;197;1;61589;0
260;0.0413;310594.0;27949;197;1;60953;0
261;0.0201;310608.0;93606;516;1;38944;0
262;0.019;310608.0;88759;516;1;46172;0
263;0.0189;310608.0;94868;515;1;65124;0
264;0.0189;310608.0;94106;515;1;61589;0
265;0.0195;310608.0;93494;516;1;60953;0
266;0.0406;318875.0;13382;101;1;38664;0
267;0.0731;315360.0;20608;117;1;32851;0
268;0.0731;315360.0;20549;117;1;45746;0
269;0.1745;1601.0;1910;10;1;52490;0
270;0.1745;1601.0;1910;10;1;35852;0
271;0.1075;308098.0;28832;74;1;65124;0
272;0.11;308098.0;29150;75;1;49424;0
273;0.11;308098.0;28374;75;1;49621;0
274;0.11;308098.0;27592;75;1;46172;0
275;0.11;308098.0;28374;75;1;41272;0
276;0.11;308098.0;28374;75;1;38060;0
277;0.0154;236298.0;82933;567;1;41416;0
278;0.0156;236298.0;83888;569;1;61589;0
279;0.1603;176352.0;2638;15;1;41416;0
280;0.1603;176352.0;2638;15;1;61589;0
281;0.1479;251961.0;2031;13;1;52490;0
282;0.1479;251961.0;2031;13;1;35852;0
283;0.1899;270430.0;1485;8;1;38944;0
284;0.1899;270430.0;1485;8;1;55954;0
285;0.144;293549.0;7404;40;1;41416;0
286;0.144;293549.0;7345;40;1;61589;0
287;0.0156;294679.0;63849;323;1;61589;0
288;0.11;266612.0;1578;12;1;36639;0
289;0.11;266612.0;1578;12;1;52808;0
290;0.11;266612.0;1578;12;1;59679;0
291;0.11;266612.0;1578;12;1;45225;0
292;0.1916;18695.0;1575;8;1;52490;0
293;0.1916;18695.0;1575;8;1;35852;0
294;0.0209;21752.0;8813;56;1;54658;0
295;0.0296;277504.0;15853;96;1;43805;0
296;0.0296;277504.0;15853;96;1;38664;0
297;0.0296;277504.0;15853;96;1;56255;0
298;0.0246;228808.0;25537;182;1;38944;0
299;0.0246;228808.0;25360;182;1;54711;0
300;0.0246;228808.0;25419;182;1;49621;0
301;0.0246;228808.0;25360;182;1;57653;0
302;0.0246;228808.0;25478;182;1;38060;0
303;0.0238;228808.0;25534;183;1;35852;0
304;0.0238;228808.0;25475;183;1;48692;0
305;0.0238;228808.0;25652;183;1;5135;0
306;0.0238;228808.0;25565;183;1;49424;0
307;0.0176;302530.0;153104;641;1;41416;0
308;0.0173;302530.0;142991;647;1;61589;0
309;0.1056;21510.0;2533;11;1;54658;0
310;0.0598;253930.0;6435;37;1;41416;0
311;0.0598;253930.0;6317;37;1;61589;0
312;1.0;295889.0;850;4;1;52490;0
313;1.0;295889.0;850;4;1;35852;0
314;0.0574;283912.0;14042;79;1;35852;0
315;0.0574;283912.0;14033;79;1;48692;0
316;0.0574;283912.0;13974;79;1;5135;0
317;0.0574;283912.0;15787;79;1;49424;0
318;0.0574;283912.0;13974;79;1;57653;0
319;0.0558;283912.0;14857;78;1;49621;0
320;0.0574;283912.0;14033;79;1;38944;0
321;0.0574;283912.0;13974;79;1;54711;0
322;0.0574;283912.0;14958;79;1;38060;0
323;0.3019;300020.0;3994;23;1;49424;0
324;0.0581;204607.0;6933;38;1;52490;0
325;0.0377;204607.0;6807;37;1;35852;0
326;0.0788;301358.0;7350;38;1;41416;0
327;0.0788;301358.0;7434;38;1;61589;0
328;0.0278;298088.0;35474;230;1;41416;0
329;0.0324;298088.0;35595;231;1;61589;0
330;0.38;17443.0;861;6;1;42852;0
331;0.0282;20580.0;7198;54;1;38664;0
332;0.0271;20580.0;7343;55;1;56255;0
333;0.0271;20580.0;7343;55;1;43805;0
334;0.1254;260758.0;2964;18;1;38664;0
335;0.0198;275739.0;41062;241;1;52490;0
336;0.0198;275739.0;41166;241;1;35852;0
337;0.0729;260211.0;3490;27;1;38664;0
338;0.2251;187596.0;1436;12;1;43805;0
339;0.2251;187596.0;1436;12;1;56255;0
340;0.2251;187596.0;1436;12;1;38664;0
341;0.2456;304061.0;5148;28;1;46172;0
342;0.2119;304061.0;5710;29;1;65124;0
343;0.2119;304061.0;5710;29;1;61589;0
344;0.0832;290889.0;2550;18;1;38664;0
345;1.0;76499.0;506;4;1;52490;0
346;1.0;76499.0;506;4;1;35852;0
347;0.013;283109.0;48952;270;1;61589;0
348;0.013;283109.0;48720;270;1;41416;0
349;1.0;5187.0;703;4;1;51459;0
350;0.3233;161579.0;656;5;1;33894;0
351;0.0817;6973.0;5081;29;1;54658;0
353;0.1341;274126.0;1562;10;1;61589;0
354;0.1341;274126.0;1562;10;1;41416;0
355;0.0186;297829.0;47021;297;1;57653;0
356;0.0186;297829.0;47139;297;1;38060;0
357;0.0186;297829.0;47101;297;1;35852;0
358;0.0186;297829.0;47021;297;1;48692;0
359;0.0186;297829.0;47080;297;1;5135;0
360;0.0144;297829.0;47300;298;1;49424;0
361;0.0186;297829.0;47021;297;1;38944;0
362;0.0186;297829.0;47021;297;1;54711;0
363;0.2064;184051.0;1653;9;1;35852;0
364;0.2064;184051.0;1653;9;1;48692;0
365;0.2064;184051.0;1653;9;1;5135;0
366;0.2064;184051.0;1653;9;1;49424;0
367;0.2064;184051.0;1653;9;1;57653;0
368;0.2064;184051.0;1653;9;1;49621;0
369;0.2064;184051.0;1653;9;1;38944;0
370;0.2064;184051.0;1653;9;1;54711;0
371;0.2064;184051.0;1653;9;1;38060;0
372;0.0368;258963.0;9335;67;1;43805;0
373;0.0289;258963.0;9242;66;1;38664;0
374;0.0368;258963.0;9384;67;1;56255;0
375;0.1793;288484.0;1450;10;1;61589;0
376;0.0193;286927.0;14041;93;1;35852;0
377;0.0193;286927.0;13894;93;1;48692;0
378;0.0199;286927.0;14166;92;1;49424;0
379;0.0193;286927.0;13894;93;1;5135;0
380;0.0193;286927.0;13894;93;1;57653;0
381;0.0193;286927.0;14290;93;1;49621;0
382;0.0193;286927.0;13894;93;1;38944;0
383;0.0193;286927.0;13894;93;1;54711;0
384;0.0193;286927.0;14231;93;1;38060;0
385;0.0184;297530.0;70625;471;1;38944;0
386;0.0178;297530.0;70692;472;1;54711;0
387;0.0178;297530.0;71847;471;1;49621;0
388;0.0178;297530.0;70533;471;1;57653;0
389;0.0178;297530.0;71892;471;1;38060;0
390;0.0178;297530.0;70751;471;1;35852;0
391;0.0178;297530.0;70767;472;1;48692;0
392;0.0178;297530.0;70944;472;1;5135;0
393;0.0153;297530.0;73859;473;1;49424;0
394;0.1543;260961.0;2637;16;1;38944;0
395;0.2232;199225.0;2081;16;1;38944;0
396;0.0255;274605.0;19975;107;1;38944;0
397;0.0584;278547.0;7242;39;1;37789;0
398;0.0283;311185.0;37106;206;1;38944;0
399;0.0293;292539.0;20579;120;1;35852;0
400;0.0293;292539.0;20638;120;1;48692;0
401;0.0293;292539.0;20638;120;1;5135;0
402;0.0293;292539.0;20833;120;1;49424;0
403;0.0293;292539.0;20632;120;1;57653;0
404;0.0293;292539.0;20638;120;1;49621;0
405;0.0293;292539.0;20638;120;1;38944;0
406;0.0293;292539.0;20632;120;1;54711;0
407;0.0293;292539.0;20579;120;1;38060;0
408;1.0;162157.0;674;4;1;49424;0
409;0.0159;304489.0;52309;335;1;49424;0
410;0.0703;282684.0;4992;28;1;61589;0
411;0.0424;258319.0;11419;60;1;51459;0
412;0.0753;297292.0;10940;63;1;38944;0
413;0.0772;297292.0;10357;64;1;46172;0
414;0.0772;297292.0;11438;64;1;65124;0
415;0.0772;297292.0;11275;64;1;61589;0
416;0.0772;297292.0;11125;64;1;60953;0
417;0.3125;249473.0;1538;8;1;38944;0
418;0.3125;249473.0;1442;8;1;46172;0
419;0.3125;249473.0;1538;8;1;65124;0
420;0.3125;249473.0;1538;8;1;61589;0
421;0.3125;249473.0;1538;8;1;60953;0
422;0.03;114828.0;8109;39;1;35852;0
423;0.03;114828.0;8109;39;1;52490;0
424;0.0465;169957.0;5168;34;1;35852;0
425;0.0357;169957.0;4841;32;1;52490;0
426;0.0391;252553.0;18646;119;1;37789;0
427;0.2269;297374.0;4460;23;1;61589;0
428;0.0094;305981.0;44831;311;1;37789;0
429;0.0149;284453.0;25918;146;1;52490;0
430;0.0149;284453.0;26166;146;1;35852;0
431;0.1166;6020.0;1751;12;1;38944;0
432;0.1166;6020.0;1751;12;1;54711;0
433;0.1166;6020.0;1751;12;1;49621;0
434;0.1166;6020.0;1751;12;1;57653;0
435;0.1166;6020.0;1751;12;1;38060;0
436;0.1166;6020.0;1830;12;1;35852;0
437;0.1166;6020.0;1751;12;1;48692;0
438;0.1166;6020.0;1751;12;1;5135;0
439;0.1166;6020.0;1751;12;1;49424;0
440;0.1124;88674.0;2101;16;1;43805;0
441;0.1132;88674.0;1975;15;1;38664;0
442;0.1132;88674.0;1975;15;1;56255;0
443;0.2811;292697.0;5006;18;1;49621;0
444;0.2811;292697.0;4790;18;1;46172;0
445;0.2811;292697.0;5006;18;1;38060;0
446;0.2811;292697.0;5006;18;1;41272;0
447;0.2811;292697.0;5006;18;1;65124;0
448;0.2811;292697.0;5006;18;1;49424;0
449;0.9723;283952.0;1308;8;1;58608;0
450;1.0;109085.0;654;4;1;55466;0
451;0.9723;283952.0;1308;8;1;58564;0
452;0.9723;283952.0;1308;8;1;53037;0
453;1.0;87331.0;493;3;1;33219;0
454;0.9723;283952.0;1308;8;1;52790;0
455;0.9723;283952.0;1308;8;1;39997;0
456;0.9723;283952.0;1308;8;1;39185;0
457;0.9723;283952.0;1308;8;1;52874;0
458;0.9723;283952.0;1308;8;1;39038;0
459;1.0;87331.0;493;3;1;35076;0
460;0.9723;283952.0;1308;8;1;48411;0
461;0.9613;155909.0;601;5;1;38664;0
462;0.1112;116819.0;2600;17;1;35852;0
463;0.1112;116819.0;2540;17;1;52490;0
464;0.0333;94101.0;4727;33;1;38944;0
465;0.0333;94101.0;4668;33;1;54711;0
466;0.0333;94101.0;4668;33;1;49621;0
467;0.0333;94101.0;4668;33;1;57653;0
468;0.0333;94101.0;5164;33;1;35852;0
469;0.0333;94101.0;4668;33;1;38060;0
470;0.0333;94101.0;4668;33;1;48692;0
471;0.0333;94101.0;4668;33;1;5135;0
472;0.0333;94101.0;4668;33;1;49424;0
473;0.0295;161216.0;7046;37;1;52490;0
474;0.0295;161216.0;7046;37;1;35852;0
475;0.6577;7114.0;789;5;1;52490;0
476;0.6577;7114.0;789;5;1;35852;0
477;0.0293;301383.0;19645;117;1;37789;0
478;0.0311;249645.0;7855;54;1;38944;0
479;0.0311;249645.0;7266;54;1;46172;0
480;0.0311;249645.0;7855;54;1;65124;0
481;0.0311;249645.0;7923;54;1;61589;0
482;0.0311;249645.0;7855;54;1;60953;0
483;0.0833;286556.0;4814;27;1;52490;0
484;0.0833;286556.0;4873;27;1;35852;0
485;0.0275;282118.0;16322;124;1;38664;0
486;0.0099;258533.0;16901;134;1;38664;0
487;0.0687;199982.0;4177;27;1;38664;0
488;0.0715;11628.0;27563;161;1;37789;0
489;0.0203;16300.0;11158;81;1;38664;0
490;0.0353;274649.0;12913;84;1;65124;0
491;0.0353;274649.0;12972;84;1;61589;0
492;0.0353;274649.0;12913;84;1;60953;0
493;0.0353;274649.0;13090;84;1;38944;0
494;0.0353;274649.0;11905;84;1;46172;0
495;0.0253;279763.0;22056;140;1;37789;0
496;1.0;3.0;635;4;1;54658;0
497;0.0746;266050.0;7561;43;1;61589;0
498;0.2148;148744.0;1364;10;1;61589;0
499;1.0;234.0;530;3;1;52490;0
500;1.0;234.0;530;3;1;35852;0
501;0.1763;289834.0;4936;31;1;61589;0
502;0.0478;18326.0;7779;51;1;41416;0
503;0.0478;18326.0;7779;51;1;61589;0
504;0.014;288986.0;29499;147;1;37789;0
505;0.0904;191594.0;1699;13;1;38944;0
506;1.0;18.0;523;4;1;38664;0
507;0.099;253776.0;4238;24;1;41416;0
508;0.099;253776.0;4238;24;1;61589;0
509;0.0666;293273.0;11528;65;1;37789;0
510;0.0189;281591.0;22420;157;1;37789;0
511;0.3575;605.0;3786;27;1;38664;0
512;0.2105;247122.0;2207;17;1;38664;0
513;1.0;58.0;525;3;1;52490;0
514;1.0;58.0;525;3;1;35852;0
515;0.0743;250327.0;2454;15;1;38944;0
516;0.0872;250327.0;2302;14;1;55954;0
517;0.0872;250327.0;2302;14;1;41416;0
518;0.1838;216611.0;1051;7;1;38664;0
519;0.189;187582.0;1030;8;1;59679;0
520;0.189;187582.0;1030;8;1;36639;0
521;0.189;187582.0;1030;8;1;45225;0
522;1.0;2.0;781;3;1;59679;0
523;1.0;2.0;781;3;1;45225;0
524;1.0;2.0;781;3;1;36639;0
525;0.2158;2979.0;5906;39;1;37789;0
526;0.1835;88394.0;1250;8;1;45225;0
527;0.1835;88394.0;1250;8;1;59679;0
528;0.1835;88394.0;1250;8;1;36639;0
529;0.1823;296151.0;3477;20;1;38944;0
530;1.0;225.0;499;3;1;37789;0
531;0.0495;263953.0;12107;72;1;37789;0
532;1.0;127.0;478;3;1;37789;0
533;0.4714;1164.0;2295;16;1;37789;0
534;0.065;257687.0;3017;19;1;38944;0
535;0.065;257687.0;3017;19;1;55954;0
536;0.065;257687.0;3017;19;1;41416;0
537;1.0;7517.0;360;3;1;53724;0
538;0.0517;221835.0;18380;106;1;37789;0
539;0.1786;1059.0;1476;10;1;56245;0
540;0.1786;1059.0;1476;10;1;61589;0
541;0.0298;283192.0;29081;194;1;37789;0
542;0.1132;113958.0;2237;11;1;56245;0
543;0.1132;113958.0;2237;11;1;61589;0
544;0.043;259282.0;7489;40;1;38664;0
545;0.3913;992.0;1990;11;1;37789;0
546;0.2247;276077.0;3319;18;1;35852;0
547;0.2247;276077.0;3319;18;1;48692;0
548;0.2247;276077.0;3319;18;1;5135;0
549;0.2247;276077.0;3319;18;1;49424;0
550;0.2247;276077.0;3319;18;1;57653;0
551;0.2247;276077.0;3319;18;1;49621;0
552;0.2247;276077.0;3319;18;1;38944;0
553;0.2247;276077.0;3319;18;1;54711;0
554;0.0719;260187.0;4288;34;1;38664;0
555;0.1858;268926.0;985;8;1;45225;0
556;0.1858;268926.0;985;8;1;59679;0
557;0.1858;268926.0;985;8;1;36639;0
558;0.1417;100878.0;1310;10;1;37789;0
559;1.0;18847.0;434;3;1;38944;0
560;1.0;18847.0;434;3;1;41416;0
561;1.0;18847.0;434;3;1;55954;0
562;0.9204;1386.0;958;6;1;37789;0
563;0.0462;267379.0;13266;81;1;61589;0
564;0.7855;12637.0;600;5;1;34001;0
565;0.0514;83094.0;3545;22;1;37789;0
566;0.0774;15465.0;19867;113;1;51958;0
567;0.0822;235440.0;3281;24;1;38664;0
568;0.1837;152390.0;1133;7;1;38944;0
569;0.1837;152390.0;1049;7;1;46172;0
570;0.1837;152390.0;1133;7;1;65124;0
571;0.1837;152390.0;1234;7;1;61589;0
572;0.1837;152390.0;1133;7;1;60953;0
573;0.0408;247398.0;5852;40;1;38664;0
574;0.4342;1192.0;1765;11;1;37789;0
575;0.0264;266516.0;19743;141;1;49621;0
576;0.0264;266516.0;19743;141;1;57653;0
577;0.0264;266516.0;19743;141;1;5135;0
578;0.0264;266516.0;19743;141;1;38944;0
579;0.0264;266516.0;19743;141;1;54711;0
580;0.0264;266516.0;19743;141;1;48692;0
581;0.0264;266516.0;19743;141;1;38060;0
582;0.0228;266516.0;19528;140;1;35852;0
583;1.0;266383.0;374;3;1;52808;0
584;1.0;266383.0;374;3;1;59679;0
585;1.0;266383.0;374;3;1;36639;0
586;0.1245;267537.0;2108;17;1;38664;0
587;0.0533;266521.0;2720;21;1;37789;0
588;1.0;266383.0;368;3;1;45225;0
589;1.0;266383.0;368;3;1;52808;0
590;1.0;266383.0;368;3;1;59679;0
591;1.0;266383.0;368;3;1;36639;0
592;1.0;266383.0;503;4;1;43805;0
593;1.0;266383.0;503;4;1;38664;0
594;1.0;266383.0;503;4;1;56255;0
595;0.2934;266383.0;618;5;1;57044;0
596;0.0353;208646.0;6083;38;1;49424;0
597;0.0229;255781.0;7726;48;1;37789;0
598;0.1023;220105.0;4573;36;1;38664;0
599;0.0193;167635.0;35258;277;1;52972;0
600;0.0406;262989.0;36692;234;1;37789;0
601;0.018;156756.0;15543;71;1;52490;0
602;0.018;156756.0;15602;71;1;35852;0
603;1.0;388.0;362;3;1;51958;0
604;0.0252;259487.0;7168;48;1;38944;0
605;0.0252;259487.0;7168;48;1;54711;0
606;0.0252;259487.0;7168;48;1;49621;0
607;0.0252;259487.0;7168;48;1;57653;0
608;0.0252;259487.0;7168;48;1;38060;0
609;0.0252;259487.0;7168;48;1;35852;0
610;0.0252;259487.0;7227;48;1;48692;0
611;0.0252;259487.0;7168;48;1;5135;0
612;0.0252;259487.0;7168;48;1;49424;0
613;1.0;61.0;518;3;1;37789;0
614;0.0709;10616.0;5885;40;1;37789;0
615;0.0677;264780.0;2812;18;1;37789;0
616;0.157;162828.0;2679;15;1;37789;0
617;0.4266;275172.0;1261;7;1;38664;0
618;0.0603;3027.0;5528;36;1;37789;0
619;0.1735;1878.0;1579;9;1;37789;0
620;0.0552;263631.0;10471;62;1;37789;0
621;0.3402;769.0;2512;17;1;37789;0
622;0.0118;124210.0;12939;87;1;48997;0
623;0.0134;124210.0;11192;77;1;2994;0
624;0.0138;124210.0;11098;76;1;52972;0
625;0.0134;124210.0;11275;77;1;47698;0
626;0.0919;171663.0;1841;13;1;37789;0
627;1.0;295.0;422;3;1;37789;0
628;0.5113;37266.0;901;5;1;48997;0
629;0.5113;37266.0;901;5;1;2994;0
630;0.5113;37266.0;901;5;1;52972;0
631;0.5113;37266.0;901;5;1;47698;0
632;0.9554;247575.0;589350;4120;1;53702;0
633;0.1459;5627.0;3831;23;1;38664;0
634;1.0;172827.0;371;3;1;33894;0
635;1.0;2732.0;410;3;1;38664;0
636;0.1215;4195.0;2124;15;1;38664;0
637;0.0664;13561.0;3182;23;1;35076;0
638;0.0498;217326.0;3795;28;1;48411;0
639;0.0686;13096.0;2910;21;1;59703;0
640;0.0664;13561.0;3182;23;1;55466;0
641;0.0498;217326.0;3795;28;1;39038;0
642;0.0498;217326.0;3795;28;1;39185;0
643;0.0498;217326.0;3795;28;1;52790;0
644;0.0664;13561.0;3182;23;1;33219;0
645;0.0498;217326.0;3795;28;1;53037;0
646;0.0498;217326.0;3795;28;1;39997;0
647;0.0498;217326.0;3795;28;1;58564;0
648;0.0498;217326.0;3795;28;1;52874;0
649;0.0625;217326.0;3913;29;1;58608;0
650;1.0;689.0;430;3;1;35852;0
651;1.0;689.0;430;3;1;52490;0
652;1.0;132590.0;669;4;1;35852;0
653;1.0;132590.0;669;4;1;52490;0
654;0.0979;186411.0;5604;35;1;48692;0
655;0.0979;186411.0;5663;35;1;5135;0
656;0.0979;186411.0;5663;35;1;49424;0
657;0.0979;186411.0;5604;35;1;57653;0
658;0.0979;186411.0;5604;35;1;49621;0
659;0.0979;186411.0;5604;35;1;38944;0
660;0.0979;186411.0;5604;35;1;54711;0
661;0.0979;186411.0;5604;35;1;38060;0
662;0.0374;169951.0;5395;31;1;58608;0
663;0.0626;10401.0;5082;29;1;55466;0
664;0.0374;169951.0;5395;31;1;58564;0
665;0.0374;169951.0;5395;31;1;53037;0
666;0.0626;10401.0;5082;29;1;33219;0
667;0.0374;169951.0;5395;31;1;52790;0
668;0.0374;169951.0;5395;31;1;39997;0
669;0.0374;169951.0;5395;31;1;39185;0
670;0.0374;169951.0;5395;31;1;52874;0
671;0.0374;169951.0;5395;31;1;39038;0
672;0.0626;10401.0;5082;29;1;35076;0
673;0.0374;169951.0;5395;31;1;48411;0
674;0.0703;10163.0;4410;25;1;59703;0
675;0.2186;6269.0;1195;8;1;37789;0
676;1.0;47.0;553;3;1;35852;0
677;1.0;47.0;553;3;1;52490;0
678;0.0669;220990.0;10777;69;1;53702;0
679;1.0;735.0;431;3;1;5135;0
680;0.608;1506.0;970;6;1;37789;0
681;0.061;3261.0;24754;94;1;51951;0
682;0.0484;82006.0;4657;28;1;53702;0
683;0.7069;70.0;2557;12;1;37789;0
684;0.2594;427.0;1370;10;1;37789;0
685;0.1196;190994.0;1327;11;1;38664;0
686;0.251;207.0;1184;8;1;37789;0
687;0.3358;192600.0;1037;7;1;41416;0
688;0.3358;192600.0;1037;7;1;61589;0
689;0.1978;186770.0;1206;8;1;48692;0
690;1.0;125650.0;408;3;1;48692;0
691;1.0;450.0;613;4;1;37789;0
692;0.1675;6849.0;2209;16;1;54856;0
693;1.0;188645.0;581;4;1;35852;0
694;1.0;188645.0;581;4;1;52490;0
695;0.0298;191459.0;10506;54;1;51459;0
696;0.293;195540.0;861;5;1;38664;0
697;0.3046;124149.0;659;5;1;38944;0
698;0.3035;185861.0;1265;6;1;38664;0
699;0.4811;388.0;837;6;1;58608;0
700;0.4811;388.0;837;6;1;55466;0
701;0.4811;388.0;837;6;1;58564;0
702;0.4811;388.0;837;6;1;53037;0
703;0.4811;388.0;837;6;1;33219;0
704;0.4811;388.0;837;6;1;52790;0
705;0.4811;388.0;837;6;1;39997;0
706;0.4811;388.0;837;6;1;39185;0
707;0.4811;388.0;837;6;1;52874;0
708;0.4811;388.0;837;6;1;39038;0
709;0.4811;388.0;837;6;1;35076;0
710;0.4811;388.0;837;6;1;48411;0
711;0.0706;216141.0;9233;57;1;53702;0
712;1.0;105.0;611;3;1;52490;0
713;1.0;105.0;611;3;1;35852;0
714;0.3028;203866.0;885;7;1;37924;0
715;1.0;92.0;558;4;1;37924;0
716;0.293;159650.0;985;6;1;37924;0
717;0.293;183909.0;1473;6;1;38664;0
718;0.1346;172813.0;1431;10;1;43805;0
719;0.1346;172813.0;1431;10;1;38664;0
720;0.1346;172813.0;1470;10;1;56255;0
721;0.1901;210449.0;1491;10;1;53702;0
722;0.0903;212264.0;5892;44;1;41416;0
723;0.0999;212264.0;6569;48;1;61589;0
724;1.0;161877.0;532;4;1;48692;0
725;0.0414;41089.0;4980;30;1;61589;0
726;0.1446;89323.0;2209;14;1;38664;0
727;0.1836;164660.0;935;7;1;24428;0
728;0.0853;156368.0;3537;19;1;24428;0
729;0.1848;91437.0;971;7;1;38664;0
730;0.1344;3004.0;1723;9;1;65124;0
731;0.1344;3004.0;1723;9;1;49424;0
732;0.1344;3004.0;1723;9;1;49621;0
733;0.1344;3004.0;1615;9;1;46172;0
734;0.1344;3004.0;1723;9;1;38060;0
735;0.0546;166359.0;11964;61;1;49424;0
736;0.0144;152604.0;14618;87;1;37789;0
737;0.534;196621.0;815;5;1;37924;0
738;0.3071;265.0;971;5;1;52490;0
739;0.3071;265.0;971;5;1;35852;0
740;0.0944;6325.0;8509;48;1;41416;0
741;0.0944;6325.0;8509;48;1;61589;0
742;1.0;5010.0;487;4;1;49621;0
743;1.0;88464.0;534;4;1;38664;0
744;0.2458;1391.0;1571;10;1;37789;0
745;0.6726;806.0;1599;10;1;37789;0
746;0.1146;5404.0;1508;11;1;37789;0
747;0.2123;7687.0;5739;36;1;37789;0
748;0.0221;16235.0;12759;72;1;37789;0
749;0.2007;6458.0;12397;73;1;37789;0
750;0.0463;182122.0;4696;30;1;37789;0
751;0.4003;418.0;1335;9;1;61589;0
752;0.4003;418.0;1335;9;1;41416;0
753;1.0;216.0;514;4;1;51459;0
754;0.3048;56.0;1037;7;1;45225;0
755;0.3048;56.0;1071;7;1;52808;0
756;0.3048;56.0;1037;7;1;59679;0
757;0.3048;56.0;1037;7;1;36639;0
758;0.0841;2080.0;6878;30;1;52490;0
759;0.0841;2080.0;6878;30;1;35852;0
760;0.2013;1612.0;1077;8;1;37789;0
761;0.1303;181367.0;1658;11;1;38944;0
762;0.1643;2357.0;5908;36;1;52490;0
763;0.1643;2357.0;5849;36;1;35852;0
764;0.0244;35669.0;7895;52;1;37789;0
765;0.0872;147767.0;2862;14;1;52490;0
766;0.0872;147767.0;2862;14;1;35852;0
767;0.0421;152324.0;7128;51;1;47933;0
768;0.0421;152324.0;7128;51;1;49621;0
769;0.0421;152324.0;7227;51;1;65124;0
770;0.0229;10020.0;17865;74;1;37789;0
771;0.0307;181324.0;6583;38;1;37789;0
772;0.0252;92188.0;9805;50;1;38944;0
773;0.0219;184150.0;17296;75;1;61589;0
774;0.0219;184150.0;17238;75;1;41416;0
775;0.28;905.0;2888;17;1;37789;0
776;0.0885;189226.0;3183;19;1;38944;0
777;1.0;43877.0;545;4;1;38664;0
778;1.0;43877.0;545;4;1;56255;0
779;1.0;43877.0;545;4;1;43805;0
780;0.1149;9841.0;2256;12;1;56245;0
781;0.1149;9841.0;2256;12;1;61589;0
782;0.3072;5148.0;1397;10;1;37789;0
783;0.0572;136420.0;3447;22;1;52490;0
784;0.0572;136420.0;3447;22;1;35852;0
785;0.0468;9366.0;14735;75;1;38944;0
786;0.1022;141168.0;3405;21;1;48692;0
787;0.0872;189899.0;2769;14;1;37789;0
788;1.0;72010.0;505;3;1;56245;0
789;1.0;72010.0;505;3;1;61589;0
790;1.0;2770.0;864;4;1;56245;0
791;1.0;2770.0;864;4;1;61589;0
792;1.0;1623.0;553;4;1;56245;0
793;1.0;1623.0;612;4;1;61589;0
794;0.3065;2862.0;3733;23;1;37789;0
795;0.8871;176505.0;666;5;1;37789;0
796;0.803;185.0;888;5;1;56245;0
797;0.803;185.0;888;5;1;61589;0
798;1.0;125096.0;530;3;1;51046;0
799;1.0;125096.0;392;3;1;24428;0
800;0.0742;125158.0;3371;16;1;51046;0
801;1.0;59.0;696;4;1;53012;0
802;1.0;324.0;689;4;1;56245;0
803;1.0;324.0;689;4;1;61589;0
804;0.106;54859.0;1770;12;1;48692;0
805;0.2999;954.0;788;5;1;49424;0
806;0.5997;261.0;800;5;1;37789;0
807;0.2935;38157.0;1081;6;1;38664;0
808;0.2561;1207.0;3393;20;1;37789;0
809;0.1297;5029.0;2284;15;1;37789;0
810;1.0;96.0;499;3;1;37789;0
811;1.0;49.0;546;3;1;61589;0
812;1.0;1287.0;756;4;1;56245;0
813;1.0;1287.0;756;4;1;61589;0
814;0.5709;203.0;1957;11;1;37789;0
815;0.0478;81107.0;3676;25;1;37789;0
816;0.2935;7935.0;1052;6;1;37789;0
817;0.3793;171.0;1819;14;1;43805;0
818;0.3793;171.0;1819;14;1;38664;0
819;0.3793;171.0;1819;14;1;56255;0
820;0.0857;11030.0;5561;32;1;37789;0
821;0.1109;15199.0;2200;17;1;48692;0
828;1.0;9465.0;629;4;1;48692;0
829;0.2506;120915.0;1424;10;1;57044;0
830;0.2432;39.0;1652;7;1;38664;0
831;0.0851;120714.0;3878;16;1;57044;0
832;0.0327;82954.0;13723;51;1;51459;0
833;0.0591;17226.0;8188;54;1;48692;0
834;0.1387;12501.0;1760;9;1;52490;0
835;0.1387;12501.0;1760;9;1;35852;0
836;1.0;480.0;980;3;1;38664;0
837;0.1072;11686.0;2176;16;1;48692;0
838;0.108;24018.0;3603;24;1;47933;0
839;0.108;24018.0;4198;24;1;49621;0
840;0.108;24018.0;4128;24;1;65124;0
841;1.0;104259.0;384;3;1;38944;0
842;1.0;104259.0;384;3;1;54711;0
843;1.0;104259.0;384;3;1;49621;0
844;1.0;104259.0;384;3;1;57653;0
845;1.0;104259.0;384;3;1;38060;0
846;1.0;104259.0;384;3;1;35852;0
847;1.0;104259.0;384;3;1;48692;0
848;1.0;104259.0;384;3;1;5135;0
849;1.0;104259.0;384;3;1;49424;0
850;1.0;320.0;570;4;1;38664;0
851;0.1712;1445.0;11712;71;1;48997;0
852;0.265;1445.0;9631;60;1;2994;0
853;0.265;1445.0;9675;60;1;52972;0
854;0.265;1445.0;9686;60;1;47698;0
855;0.3184;8861.0;846;6;1;60330;0
856;0.3874;60.0;712;5;1;60330;0
857;0.3215;283.0;878;6;1;43805;0
858;0.3215;283.0;878;6;1;38664;0
859;0.3215;283.0;878;6;1;56255;0
860;0.1096;3895.0;2271;15;1;38664;0
861;1.0;21.0;401;3;1;38664;0
862;0.0393;121122.0;8084;66;1;38664;0
863;0.3498;74646.0;1014;6;1;47933;0
864;0.3498;74646.0;1014;6;1;49621;0
865;0.3498;74646.0;1014;6;1;65124;0
866;0.1223;862.0;1929;14;1;47933;0
867;0.1223;862.0;1988;14;1;49621;0
868;0.1223;862.0;1929;14;1;65124;0
869;0.214;114911.0;1497;8;1;38664;0
870;0.1962;2542.0;1219;7;1;52490;0
871;0.1962;2542.0;1219;7;1;35852;0
872;0.2786;5544.0;1692;10;1;53222;0
873;0.2786;5544.0;1692;10;1;48692;0
874;0.2952;72551.0;723;6;1;53222;0
875;0.3064;1950.0;1051;7;1;37789;0
876;0.3148;1409.0;765;5;1;37789;0
877;0.3129;959.0;1586;12;1;53222;0
878;0.1162;2541.0;1712;11;1;53222;0
879;0.0863;6441.0;7491;49;1;53222;0
880;1.0;360.0;578;3;1;37789;0
881;0.1059;30882.0;2879;12;1;52490;0
882;0.1059;30882.0;2879;12;1;35852;0
883;0.0165;83659.0;14980;80;1;37563;0
884;0.0165;83659.0;14980;80;1;46894;0
885;0.1618;82370.0;1381;10;1;46894;0
886;1.0;105495.0;467;3;1;49621;0
887;1.0;105495.0;467;3;1;47933;0
888;1.0;68224.0;404;3;1;53222;0
889;0.0304;111011.0;36746;269;1;46518;0
890;0.3196;1902.0;743;5;1;37789;0
891;1.0;13962.0;1316;4;1;52490;0
892;1.0;13962.0;1316;4;1;35852;0
893;0.2896;3695.0;1125;7;1;37789;0
894;0.0664;46818.0;3207;19;1;37789;0
895;0.3609;4047.0;2119;13;1;37789;0
896;0.293;56568.0;702;5;1;39095;0
897;1.0;82765.0;478;3;1;38944;0
898;1.0;98546.0;404;3;1;38944;0
899;1.0;98546.0;368;3;1;46172;0
900;1.0;98546.0;404;3;1;65124;0
901;1.0;98546.0;404;3;1;61589;0
902;1.0;98546.0;404;3;1;60953;0
903;0.0297;6564.0;10722;76;1;37789;0
904;1.0;3565.0;421;3;1;37789;0
905;0.1426;67231.0;2604;12;1;52490;0
906;0.1426;67231.0;2604;12;1;35852;0
907;0.3839;860.0;3615;20;1;52490;0
908;0.3725;860.0;3761;21;1;35852;0
909;1.0;95.0;582;3;1;52490;0
910;1.0;95.0;582;3;1;35852;0
911;0.3742;12346.0;848;5;1;38944;0
912;0.295;347.0;1217;8;1;41416;0
913;0.1017;13643.0;11725;46;1;57701;0
914;0.3103;3543.0;680;5;1;38664;0
915;1.0;153.0;632;4;1;37789;0
916;0.0224;98487.0;8749;51;1;37789;0
917;1.0;16.0;441;3;1;52808;0
918;1.0;16.0;407;3;1;59679;0
919;1.0;16.0;407;3;1;44024;0
920;0.0975;3698.0;2375;15;1;37789;0
921;0.4381;3297.0;4186;20;1;56740;0
922;0.3312;1795.0;1093;6;1;38944;0
923;0.2085;829.0;3421;26;1;37789;0
924;0.2322;75239.0;1046;8;1;37789;0
925;0.0035;92927.0;72634;394;1;37789;0
926;1.0;3335.0;651;4;1;52490;0
927;1.0;3335.0;651;4;1;35852;0
928;1.0;154.0;392;3;1;38664;0
929;0.0727;5942.0;4061;21;1;37789;0
930;0.0066;60794.0;31132;166;1;37789;0
931;0.0927;8268.0;36541;250;1;57044;0
932;0.0635;8266.0;67231;323;1;57044;0
933;0.1301;2643.0;2799;17;1;37789;0
934;0.0743;3722.0;4333;22;1;37789;0
935;0.0246;97783.0;21844;172;1;46217;0
936;0.4259;6249.0;2550;14;1;37789;0
937;0.4564;2356.0;7542;47;1;37789;0
938;1.0;5603.0;942;4;1;52490;0
939;1.0;5603.0;942;4;1;35852;0
940;0.3109;319.0;782;5;1;52808;0
941;0.3109;319.0;782;5;1;59679;0
942;0.3109;319.0;782;5;1;44024;0
943;1.0;6151.0;469;3;1;37789;0
944;0.2234;23140.0;1541;11;1;48692;0
945;1.0;39.0;457;3;1;37789;0
946;0.4859;777.0;1296;6;1;38944;0
947;0.4859;777.0;1296;6;1;55954;0
948;0.4859;777.0;1296;6;1;41416;0
949;0.0536;20641.0;5322;36;1;38944;0
950;0.0513;32677.0;5562;38;1;55954;0
951;0.0513;32677.0;5562;38;1;41416;0
952;0.1082;37421.0;2056;12;1;37789;0
953;0.2513;217.0;1032;7;1;45225;0
954;0.2513;217.0;1032;7;1;52808;0
955;0.2513;217.0;1032;7;1;59679;0
956;0.2101;217.0;1395;10;1;36639;0
957;0.7436;28.0;2624;12;1;33082;0
958;0.7436;28.0;2726;12;1;33188;0
959;0.0575;14851.0;8203;44;1;37789;0
960;0.0334;49554.0;26593;134;1;38944;0
961;0.282;506.0;2357;18;1;37789;0
962;0.0807;8526.0;12470;81;1;51205;0
963;0.428;151.0;783;6;1;37789;0
964;0.5547;7927.0;859;6;1;37789;0
965;0.0437;13400.0;13713;85;1;51205;0
966;0.1799;3606.0;6024;39;1;38664;0
967;1.0;773.0;731;3;1;52808;0
968;1.0;773.0;731;3;1;59679;0
969;1.0;773.0;731;3;1;44024;0
970;0.0708;19719.0;6358;42;1;37789;0
971;0.0696;49491.0;3742;22;1;37789;0
972;0.0067;60447.0;30725;171;1;37789;0
973;1.0;11758.0;550;4;1;37789;0
974;0.1907;9131.0;1038;7;1;41416;0
975;0.1907;9131.0;1038;7;1;61589;0
976;0.7592;91.0;868;6;1;51046;0
977;0.7592;91.0;868;6;1;33188;0
978;0.7592;91.0;970;6;1;33082;0
979;0.0047;58525.0;82932;652;1;4131;0
980;1.0;1.0;716;3;1;49621;0
981;0.2056;20751.0;2801;18;1;41416;0
982;0.2056;20751.0;2801;18;1;61589;0
983;0.3671;1554.0;809;5;1;51205;0
984;0.0712;12440.0;52065;295;1;37789;0
985;0.293;13249.0;653;5;1;43805;0
986;0.293;13249.0;653;5;1;38664;0
987;0.293;13249.0;653;5;1;56255;0
988;0.7648;22.0;2409;10;1;51205;0
989;0.3174;2321.0;3584;20;1;41416;0
990;0.3174;2321.0;3643;20;1;61589;0
991;0.1755;8200.0;1254;10;1;38664;0
992;0.1996;6934.0;3925;25;1;61589;0
993;0.1996;6934.0;3827;25;1;41416;0
994;0.3235;1918.0;14652;79;1;37789;0
995;0.0084;13863.0;50496;227;1;37789;0
996;0.0422;6335.0;23707;125;1;37789;0
997;0.0988;31311.0;4631;28;1;37789;0
998;0.2833;790.0;2588;18;1;37789;0
999;0.2135;10143.0;4289;29;1;41416;0
1000;0.2135;10143.0;4289;29;1;61589;0
1001;0.045;11892.0;7650;47;1;37789;0
1002;0.2945;7338.0;2202;9;1;50992;0
1003;0.0746;15611.0;8154;43;1;37789;0
1004;0.1968;804.0;1229;8;1;37789;0
1005;0.3275;1171.0;1911;14;1;61589;0
1006;0.3275;1171.0;1911;14;1;41416;0
1007;0.2782;2357.0;10610;78;1;37789;0
1008;0.0648;8144.0;4207;27;1;37789;0
1009;0.7043;661.0;961;6;1;49424;0
1010;0.586;16575.0;849;6;1;41416;0
1011;0.586;16575.0;849;6;1;61589;0
1012;0.2246;656.0;2304;12;1;38944;0
1013;0.2246;656.0;2101;12;1;46172;0
1014;0.2246;656.0;2245;12;1;65124;0
1015;0.2246;656.0;2245;12;1;61589;0
1016;0.2246;656.0;2245;12;1;60953;0
1017;0.2028;1015.0;2678;15;1;61589;0
1018;0.2028;1015.0;2678;15;1;60953;0
1019;0.2028;1015.0;2678;15;1;38944;0
1020;0.2028;1015.0;2498;15;1;46172;0
1021;0.2992;1083.0;4536;20;1;52490;0
1022;0.2992;1083.0;4536;20;1;35852;0
1023;0.4682;775.0;1886;12;1;52490;0
1024;0.4682;775.0;1886;12;1;35852;0
1025;0.0446;9467.0;26119;153;1;37789;0
1026;0.4059;335.0;1884;11;1;37789;0
1027;0.1795;9995.0;36676;219;1;37789;0
1028;0.6398;1693.0;1220;5;1;37789;0
1029;0.1194;10673.0;2521;15;1;37789;0
1030;0.2963;7294.0;793;6;1;37789;0
1031;0.4724;394.0;986;6;1;37789;0
1032;0.1637;7856.0;1639;11;1;37789;0
1033;0.5871;59.0;1320;6;1;39038;0
1034;0.2062;2328.0;7437;39;1;37789;0
1035;0.3288;1501.0;2865;9;1;37789;0
1036;0.4139;782.0;4009;25;1;37789;0